id	jurisdiction	variant	percent	origin_samples	collection_date	month	day	year
1	ak	BA.2.23	0.1626	a5	11/22/2025	11	22	2025
2	ak	BA.2.31	99.8374	a5	11/22/2025	11	22	2025
3	ak	AY.111	3.0478	a35,a36	11/29/2025	11	29	2025
4	ak	AY.119	3.0478	a35,a36	11/29/2025	11	29	2025
5	ak	AY.119.2	3.0478	a35,a36	11/29/2025	11	29	2025
6	ak	AY.124	3.0478	a35,a36	11/29/2025	11	29	2025
7	ak	AY.127	3.0478	a35,a36	11/29/2025	11	29	2025
8	ak	AY.26	5.5557	a35,a36	11/29/2025	11	29	2025
9	ak	AY.33	3.0478	a35,a36	11/29/2025	11	29	2025
10	ak	AY.38	5.5557	a35,a36	11/29/2025	11	29	2025
11	ak	AY.4	3.0478	a35,a36	11/29/2025	11	29	2025
12	ak	AY.4.3	3.0478	a35,a36	11/29/2025	11	29	2025
13	ak	AY.44	3.0478	a35,a36	11/29/2025	11	29	2025
14	ak	AY.45	3.0478	a35,a36	11/29/2025	11	29	2025
15	ak	AY.58	5.5557	a35,a36	11/29/2025	11	29	2025
16	ak	AY.59	5.5557	a35,a36	11/29/2025	11	29	2025
17	ak	AY.61	5.5557	a35,a36	11/29/2025	11	29	2025
18	ak	AY.67	5.5557	a35,a36	11/29/2025	11	29	2025
19	ak	AY.71	5.5557	a35,a36	11/29/2025	11	29	2025
20	ak	AY.75	5.5557	a35,a36	11/29/2025	11	29	2025
21	ak	AY.75.2	5.5557	a35,a36	11/29/2025	11	29	2025
22	ak	AY.77	3.0478	a35,a36	11/29/2025	11	29	2025
23	ak	AY.80	3.0478	a35,a36	11/29/2025	11	29	2025
24	ak	AY.98	3.0478	a35,a36	11/29/2025	11	29	2025
25	ak	B.1.617.2	10.3773	a35,a36	11/29/2025	11	29	2025
26	al	AY.111	3.0478	a37	11/29/2025	11	29	2025
27	al	AY.119	3.0478	a37	11/29/2025	11	29	2025
28	al	AY.119.2	3.0478	a37	11/29/2025	11	29	2025
29	al	AY.124	3.0478	a37	11/29/2025	11	29	2025
30	al	AY.127	3.0478	a37	11/29/2025	11	29	2025
31	al	AY.26	5.5557	a37	11/29/2025	11	29	2025
32	al	AY.33	3.0478	a37	11/29/2025	11	29	2025
33	al	AY.38	5.5557	a37	11/29/2025	11	29	2025
34	al	AY.4	3.0478	a37	11/29/2025	11	29	2025
35	al	AY.4.3	3.0478	a37	11/29/2025	11	29	2025
36	al	AY.44	3.0478	a37	11/29/2025	11	29	2025
37	al	AY.45	3.0478	a37	11/29/2025	11	29	2025
38	al	AY.58	5.5557	a37	11/29/2025	11	29	2025
39	al	AY.59	5.5557	a37	11/29/2025	11	29	2025
40	al	AY.61	5.5557	a37	11/29/2025	11	29	2025
41	al	AY.67	5.5557	a37	11/29/2025	11	29	2025
42	al	AY.71	5.5557	a37	11/29/2025	11	29	2025
43	al	AY.75	5.5557	a37	11/29/2025	11	29	2025
44	al	AY.75.2	5.5557	a37	11/29/2025	11	29	2025
45	al	AY.77	3.0478	a37	11/29/2025	11	29	2025
46	al	AY.80	3.0478	a37	11/29/2025	11	29	2025
47	al	AY.98	3.0478	a37	11/29/2025	11	29	2025
48	al	B.1.617.2	10.3773	a37	11/29/2025	11	29	2025
49	ar	BA.2	0.86	a6	11/22/2025	11	22	2025
50	ar	BA.2.19	0.1124	a6	11/22/2025	11	22	2025
51	ar	BA.2.3.10	97.9623	a6	11/22/2025	11	22	2025
52	ar	BA.2.3.17	0.4361	a6	11/22/2025	11	22	2025
53	ar	BA.2.3.21	0.3362	a6	11/22/2025	11	22	2025
54	ar	BA.2.3.6	0.1549	a6	11/22/2025	11	22	2025
55	ar	BA.2.62	0.1381	a6	11/22/2025	11	22	2025
56	ar	AY.111	3.0478	a38	11/29/2025	11	29	2025
57	ar	AY.119	3.0478	a38	11/29/2025	11	29	2025
58	ar	AY.119.2	3.0478	a38	11/29/2025	11	29	2025
59	ar	AY.124	3.0478	a38	11/29/2025	11	29	2025
60	ar	AY.127	3.0478	a38	11/29/2025	11	29	2025
61	ar	AY.26	5.5557	a38	11/29/2025	11	29	2025
62	ar	AY.33	3.0478	a38	11/29/2025	11	29	2025
63	ar	AY.38	5.5557	a38	11/29/2025	11	29	2025
64	ar	AY.4	3.0478	a38	11/29/2025	11	29	2025
65	ar	AY.4.3	3.0478	a38	11/29/2025	11	29	2025
66	ar	AY.44	3.0478	a38	11/29/2025	11	29	2025
67	ar	AY.45	3.0478	a38	11/29/2025	11	29	2025
68	ar	AY.58	5.5557	a38	11/29/2025	11	29	2025
69	ar	AY.59	5.5557	a38	11/29/2025	11	29	2025
70	ar	AY.61	5.5557	a38	11/29/2025	11	29	2025
71	ar	AY.67	5.5557	a38	11/29/2025	11	29	2025
72	ar	AY.71	5.5557	a38	11/29/2025	11	29	2025
73	ar	AY.75	5.5557	a38	11/29/2025	11	29	2025
74	ar	AY.75.2	5.5557	a38	11/29/2025	11	29	2025
75	ar	AY.77	3.0478	a38	11/29/2025	11	29	2025
76	ar	AY.80	3.0478	a38	11/29/2025	11	29	2025
77	ar	AY.98	3.0478	a38	11/29/2025	11	29	2025
78	ar	B.1.617.2	10.3773	a38	11/29/2025	11	29	2025
79	ca	BA.2.23	0.1338	a8	11/22/2025	11	22	2025
80	ca	BA.2.29	0.1129	a8	11/22/2025	11	22	2025
81	ca	BA.2.31	99.7533	a8	11/22/2025	11	22	2025
82	ca	AY.111	3.0478	a39	11/29/2025	11	29	2025
83	ca	AY.119	3.0478	a39	11/29/2025	11	29	2025
84	ca	AY.119.2	3.0478	a39	11/29/2025	11	29	2025
85	ca	AY.124	3.0478	a39	11/29/2025	11	29	2025
86	ca	AY.127	3.0478	a39	11/29/2025	11	29	2025
87	ca	AY.26	5.5557	a39	11/29/2025	11	29	2025
88	ca	AY.33	3.0478	a39	11/29/2025	11	29	2025
89	ca	AY.38	5.5557	a39	11/29/2025	11	29	2025
90	ca	AY.4	3.0478	a39	11/29/2025	11	29	2025
91	ca	AY.4.3	3.0478	a39	11/29/2025	11	29	2025
92	ca	AY.44	3.0478	a39	11/29/2025	11	29	2025
93	ca	AY.45	3.0478	a39	11/29/2025	11	29	2025
94	ca	AY.58	5.5557	a39	11/29/2025	11	29	2025
95	ca	AY.59	5.5557	a39	11/29/2025	11	29	2025
96	ca	AY.61	5.5557	a39	11/29/2025	11	29	2025
97	ca	AY.67	5.5557	a39	11/29/2025	11	29	2025
98	ca	AY.71	5.5557	a39	11/29/2025	11	29	2025
99	ca	AY.75	5.5557	a39	11/29/2025	11	29	2025
100	ca	AY.75.2	5.5557	a39	11/29/2025	11	29	2025
101	ca	AY.77	3.0478	a39	11/29/2025	11	29	2025
102	ca	AY.80	3.0478	a39	11/29/2025	11	29	2025
103	ca	AY.98	3.0478	a39	11/29/2025	11	29	2025
104	ca	B.1.617.2	10.3773	a39	11/29/2025	11	29	2025
105	ca	AY.111	3.0478	a68	12/6/2025	12	6	2025
106	ca	AY.119	3.0478	a68	12/6/2025	12	6	2025
107	ca	AY.119.2	3.0478	a68	12/6/2025	12	6	2025
108	ca	AY.124	3.0478	a68	12/6/2025	12	6	2025
109	ca	AY.127	3.0478	a68	12/6/2025	12	6	2025
110	ca	AY.26	5.5557	a68	12/6/2025	12	6	2025
111	ca	AY.33	3.0478	a68	12/6/2025	12	6	2025
112	ca	AY.38	5.5557	a68	12/6/2025	12	6	2025
113	ca	AY.4	3.0478	a68	12/6/2025	12	6	2025
114	ca	AY.4.3	3.0478	a68	12/6/2025	12	6	2025
115	ca	AY.44	3.0478	a68	12/6/2025	12	6	2025
116	ca	AY.45	3.0478	a68	12/6/2025	12	6	2025
117	ca	AY.58	5.5557	a68	12/6/2025	12	6	2025
118	ca	AY.59	5.5557	a68	12/6/2025	12	6	2025
119	ca	AY.61	5.5557	a68	12/6/2025	12	6	2025
120	ca	AY.67	5.5557	a68	12/6/2025	12	6	2025
121	ca	AY.71	5.5557	a68	12/6/2025	12	6	2025
122	ca	AY.75	5.5557	a68	12/6/2025	12	6	2025
123	ca	AY.75.2	5.5557	a68	12/6/2025	12	6	2025
124	ca	AY.77	3.0478	a68	12/6/2025	12	6	2025
125	ca	AY.80	3.0478	a68	12/6/2025	12	6	2025
126	ca	AY.98	3.0478	a68	12/6/2025	12	6	2025
127	ca	B.1.617.2	10.3773	a68	12/6/2025	12	6	2025
128	co	AY.111	3.3276	a10,a9	11/22/2025	11	22	2025
129	co	AY.119	3.3276	a10,a9	11/22/2025	11	22	2025
130	co	AY.119.2	3.3276	a10,a9	11/22/2025	11	22	2025
131	co	AY.124	3.3276	a10,a9	11/22/2025	11	22	2025
132	co	AY.127	3.3276	a10,a9	11/22/2025	11	22	2025
133	co	AY.26	2.7778	a10	11/22/2025	11	22	2025
134	co	AY.33	1.5239	a10	11/22/2025	11	22	2025
135	co	AY.38	2.7778	a10	11/22/2025	11	22	2025
136	co	AY.4	3.3276	a10,a9	11/22/2025	11	22	2025
137	co	AY.4.3	3.3276	a10,a9	11/22/2025	11	22	2025
138	co	AY.44	3.3276	a10,a9	11/22/2025	11	22	2025
139	co	AY.45	3.3276	a10,a9	11/22/2025	11	22	2025
140	co	AY.58	2.7778	a10	11/22/2025	11	22	2025
141	co	AY.59	2.7778	a10	11/22/2025	11	22	2025
142	co	AY.61	2.7778	a10	11/22/2025	11	22	2025
143	co	AY.66	0.9971	a9	11/22/2025	11	22	2025
144	co	AY.67	2.7778	a10	11/22/2025	11	22	2025
145	co	AY.71	2.7778	a10	11/22/2025	11	22	2025
146	co	AY.75	2.7778	a10	11/22/2025	11	22	2025
147	co	AY.75.2	2.7778	a10	11/22/2025	11	22	2025
148	co	AY.77	1.5239	a10	11/22/2025	11	22	2025
149	co	AY.80	3.3276	a10,a9	11/22/2025	11	22	2025
150	co	AY.98	3.3276	a10,a9	11/22/2025	11	22	2025
151	co	B.1.617.2	34.3513	a10,a9	11/22/2025	11	22	2025
152	co	AY.111	3.0478	a40	11/29/2025	11	29	2025
153	co	AY.119	3.0478	a40	11/29/2025	11	29	2025
154	co	AY.119.2	3.0478	a40	11/29/2025	11	29	2025
155	co	AY.124	3.0478	a40	11/29/2025	11	29	2025
156	co	AY.127	3.0478	a40	11/29/2025	11	29	2025
157	co	AY.26	5.5557	a40	11/29/2025	11	29	2025
158	co	AY.33	3.0478	a40	11/29/2025	11	29	2025
159	co	AY.38	5.5557	a40	11/29/2025	11	29	2025
160	co	AY.4	3.0478	a40	11/29/2025	11	29	2025
161	co	AY.4.3	3.0478	a40	11/29/2025	11	29	2025
162	co	AY.44	3.0478	a40	11/29/2025	11	29	2025
163	co	AY.45	3.0478	a40	11/29/2025	11	29	2025
164	co	AY.58	5.5557	a40	11/29/2025	11	29	2025
165	co	AY.59	5.5557	a40	11/29/2025	11	29	2025
166	co	AY.61	5.5557	a40	11/29/2025	11	29	2025
167	co	AY.67	5.5557	a40	11/29/2025	11	29	2025
168	co	AY.71	5.5557	a40	11/29/2025	11	29	2025
169	co	AY.75	5.5557	a40	11/29/2025	11	29	2025
170	co	AY.75.2	5.5557	a40	11/29/2025	11	29	2025
171	co	AY.77	3.0478	a40	11/29/2025	11	29	2025
172	co	AY.80	3.0478	a40	11/29/2025	11	29	2025
173	co	AY.98	3.0478	a40	11/29/2025	11	29	2025
174	co	B.1.617.2	10.3773	a40	11/29/2025	11	29	2025
175	co	AY.111	3.0478	a69	12/6/2025	12	6	2025
176	co	AY.119	3.0478	a69	12/6/2025	12	6	2025
177	co	AY.119.2	3.0478	a69	12/6/2025	12	6	2025
178	co	AY.124	3.0478	a69	12/6/2025	12	6	2025
179	co	AY.127	3.0478	a69	12/6/2025	12	6	2025
180	co	AY.26	5.5557	a69	12/6/2025	12	6	2025
181	co	AY.33	3.0478	a69	12/6/2025	12	6	2025
182	co	AY.38	5.5557	a69	12/6/2025	12	6	2025
183	co	AY.4	3.0478	a69	12/6/2025	12	6	2025
184	co	AY.4.3	3.0478	a69	12/6/2025	12	6	2025
185	co	AY.44	3.0478	a69	12/6/2025	12	6	2025
186	co	AY.45	3.0478	a69	12/6/2025	12	6	2025
187	co	AY.58	5.5557	a69	12/6/2025	12	6	2025
188	co	AY.59	5.5557	a69	12/6/2025	12	6	2025
189	co	AY.61	5.5557	a69	12/6/2025	12	6	2025
190	co	AY.67	5.5557	a69	12/6/2025	12	6	2025
191	co	AY.71	5.5557	a69	12/6/2025	12	6	2025
192	co	AY.75	5.5557	a69	12/6/2025	12	6	2025
193	co	AY.75.2	5.5557	a69	12/6/2025	12	6	2025
194	co	AY.77	3.0478	a69	12/6/2025	12	6	2025
195	co	AY.80	3.0478	a69	12/6/2025	12	6	2025
196	co	AY.98	3.0478	a69	12/6/2025	12	6	2025
197	co	B.1.617.2	10.3773	a69	12/6/2025	12	6	2025
198	ct	AY.111	3.0478	a11	11/22/2025	11	22	2025
199	ct	AY.119	3.0478	a11	11/22/2025	11	22	2025
200	ct	AY.119.2	3.0478	a11	11/22/2025	11	22	2025
201	ct	AY.124	3.0478	a11	11/22/2025	11	22	2025
202	ct	AY.127	3.0478	a11	11/22/2025	11	22	2025
203	ct	AY.26	5.5557	a11	11/22/2025	11	22	2025
204	ct	AY.33	3.0478	a11	11/22/2025	11	22	2025
205	ct	AY.38	5.5557	a11	11/22/2025	11	22	2025
206	ct	AY.4	3.0478	a11	11/22/2025	11	22	2025
207	ct	AY.4.3	3.0478	a11	11/22/2025	11	22	2025
208	ct	AY.44	3.0478	a11	11/22/2025	11	22	2025
209	ct	AY.45	3.0478	a11	11/22/2025	11	22	2025
210	ct	AY.58	5.5557	a11	11/22/2025	11	22	2025
211	ct	AY.59	5.5557	a11	11/22/2025	11	22	2025
212	ct	AY.61	5.5557	a11	11/22/2025	11	22	2025
213	ct	AY.67	5.5557	a11	11/22/2025	11	22	2025
214	ct	AY.71	5.5557	a11	11/22/2025	11	22	2025
215	ct	AY.75	5.5557	a11	11/22/2025	11	22	2025
216	ct	AY.75.2	5.5557	a11	11/22/2025	11	22	2025
217	ct	AY.77	3.0478	a11	11/22/2025	11	22	2025
218	ct	AY.80	3.0478	a11	11/22/2025	11	22	2025
219	ct	AY.98	3.0478	a11	11/22/2025	11	22	2025
220	ct	B.1.617.2	10.3773	a11	11/22/2025	11	22	2025
221	ct	AY.111	3.0478	a41	11/29/2025	11	29	2025
222	ct	AY.119	3.0478	a41	11/29/2025	11	29	2025
223	ct	AY.119.2	3.0478	a41	11/29/2025	11	29	2025
224	ct	AY.124	3.0478	a41	11/29/2025	11	29	2025
225	ct	AY.127	3.0478	a41	11/29/2025	11	29	2025
226	ct	AY.26	5.5557	a41	11/29/2025	11	29	2025
227	ct	AY.33	3.0478	a41	11/29/2025	11	29	2025
228	ct	AY.38	5.5557	a41	11/29/2025	11	29	2025
229	ct	AY.4	3.0478	a41	11/29/2025	11	29	2025
230	ct	AY.4.3	3.0478	a41	11/29/2025	11	29	2025
231	ct	AY.44	3.0478	a41	11/29/2025	11	29	2025
232	ct	AY.45	3.0478	a41	11/29/2025	11	29	2025
233	ct	AY.58	5.5557	a41	11/29/2025	11	29	2025
234	ct	AY.59	5.5557	a41	11/29/2025	11	29	2025
235	ct	AY.61	5.5557	a41	11/29/2025	11	29	2025
236	ct	AY.67	5.5557	a41	11/29/2025	11	29	2025
237	ct	AY.71	5.5557	a41	11/29/2025	11	29	2025
238	ct	AY.75	5.5557	a41	11/29/2025	11	29	2025
239	ct	AY.75.2	5.5557	a41	11/29/2025	11	29	2025
240	ct	AY.77	3.0478	a41	11/29/2025	11	29	2025
241	ct	AY.80	3.0478	a41	11/29/2025	11	29	2025
242	ct	AY.98	3.0478	a41	11/29/2025	11	29	2025
243	ct	B.1.617.2	10.3773	a41	11/29/2025	11	29	2025
244	dc	AY.111	3.0478	a70	12/6/2025	12	6	2025
245	dc	AY.119	3.0478	a70	12/6/2025	12	6	2025
246	dc	AY.119.2	3.0478	a70	12/6/2025	12	6	2025
247	dc	AY.124	3.0478	a70	12/6/2025	12	6	2025
248	dc	AY.127	3.0478	a70	12/6/2025	12	6	2025
249	dc	AY.26	5.5557	a70	12/6/2025	12	6	2025
250	dc	AY.33	3.0478	a70	12/6/2025	12	6	2025
251	dc	AY.38	5.5557	a70	12/6/2025	12	6	2025
252	dc	AY.4	3.0478	a70	12/6/2025	12	6	2025
253	dc	AY.4.3	3.0478	a70	12/6/2025	12	6	2025
254	dc	AY.44	3.0478	a70	12/6/2025	12	6	2025
255	dc	AY.45	3.0478	a70	12/6/2025	12	6	2025
256	dc	AY.58	5.5557	a70	12/6/2025	12	6	2025
257	dc	AY.59	5.5557	a70	12/6/2025	12	6	2025
258	dc	AY.61	5.5557	a70	12/6/2025	12	6	2025
259	dc	AY.67	5.5557	a70	12/6/2025	12	6	2025
260	dc	AY.71	5.5557	a70	12/6/2025	12	6	2025
261	dc	AY.75	5.5557	a70	12/6/2025	12	6	2025
262	dc	AY.75.2	5.5557	a70	12/6/2025	12	6	2025
263	dc	AY.77	3.0478	a70	12/6/2025	12	6	2025
264	dc	AY.80	3.0478	a70	12/6/2025	12	6	2025
265	dc	AY.98	3.0478	a70	12/6/2025	12	6	2025
266	dc	B.1.617.2	10.3773	a70	12/6/2025	12	6	2025
267	fl	AY.111	3.0478	a12	11/22/2025	11	22	2025
268	fl	AY.119	3.0478	a12	11/22/2025	11	22	2025
269	fl	AY.119.2	3.0478	a12	11/22/2025	11	22	2025
270	fl	AY.124	3.0478	a12	11/22/2025	11	22	2025
271	fl	AY.127	3.0478	a12	11/22/2025	11	22	2025
272	fl	AY.26	5.5557	a12	11/22/2025	11	22	2025
273	fl	AY.33	3.0478	a12	11/22/2025	11	22	2025
274	fl	AY.38	5.5557	a12	11/22/2025	11	22	2025
275	fl	AY.4	3.0478	a12	11/22/2025	11	22	2025
276	fl	AY.4.3	3.0478	a12	11/22/2025	11	22	2025
277	fl	AY.44	3.0478	a12	11/22/2025	11	22	2025
278	fl	AY.45	3.0478	a12	11/22/2025	11	22	2025
279	fl	AY.58	5.5557	a12	11/22/2025	11	22	2025
280	fl	AY.59	5.5557	a12	11/22/2025	11	22	2025
281	fl	AY.61	5.5557	a12	11/22/2025	11	22	2025
282	fl	AY.67	5.5557	a12	11/22/2025	11	22	2025
283	fl	AY.71	5.5557	a12	11/22/2025	11	22	2025
284	fl	AY.75	5.5557	a12	11/22/2025	11	22	2025
285	fl	AY.75.2	5.5557	a12	11/22/2025	11	22	2025
286	fl	AY.77	3.0478	a12	11/22/2025	11	22	2025
287	fl	AY.80	3.0478	a12	11/22/2025	11	22	2025
288	fl	AY.98	3.0478	a12	11/22/2025	11	22	2025
289	fl	B.1.617.2	10.3773	a12	11/22/2025	11	22	2025
290	fl	AY.111	3.0478	a71	12/6/2025	12	6	2025
291	fl	AY.119	3.0478	a71	12/6/2025	12	6	2025
292	fl	AY.119.2	3.0478	a71	12/6/2025	12	6	2025
293	fl	AY.124	3.0478	a71	12/6/2025	12	6	2025
294	fl	AY.127	3.0478	a71	12/6/2025	12	6	2025
295	fl	AY.26	5.5557	a71	12/6/2025	12	6	2025
296	fl	AY.33	3.0478	a71	12/6/2025	12	6	2025
297	fl	AY.38	5.5557	a71	12/6/2025	12	6	2025
298	fl	AY.4	3.0478	a71	12/6/2025	12	6	2025
299	fl	AY.4.3	3.0478	a71	12/6/2025	12	6	2025
300	fl	AY.44	3.0478	a71	12/6/2025	12	6	2025
301	fl	AY.45	3.0478	a71	12/6/2025	12	6	2025
302	fl	AY.58	5.5557	a71	12/6/2025	12	6	2025
303	fl	AY.59	5.5557	a71	12/6/2025	12	6	2025
304	fl	AY.61	5.5557	a71	12/6/2025	12	6	2025
305	fl	AY.67	5.5557	a71	12/6/2025	12	6	2025
306	fl	AY.71	5.5557	a71	12/6/2025	12	6	2025
307	fl	AY.75	5.5557	a71	12/6/2025	12	6	2025
308	fl	AY.75.2	5.5557	a71	12/6/2025	12	6	2025
309	fl	AY.77	3.0478	a71	12/6/2025	12	6	2025
310	fl	AY.80	3.0478	a71	12/6/2025	12	6	2025
311	fl	AY.98	3.0478	a71	12/6/2025	12	6	2025
312	fl	B.1.617.2	10.3773	a71	12/6/2025	12	6	2025
313	hi	AY.111	3.0478	a42	11/29/2025	11	29	2025
314	hi	AY.119	3.0478	a42	11/29/2025	11	29	2025
315	hi	AY.119.2	3.0478	a42	11/29/2025	11	29	2025
316	hi	AY.124	3.0478	a42	11/29/2025	11	29	2025
317	hi	AY.127	3.0478	a42	11/29/2025	11	29	2025
318	hi	AY.26	5.5557	a42	11/29/2025	11	29	2025
319	hi	AY.33	3.0478	a42	11/29/2025	11	29	2025
320	hi	AY.38	5.5557	a42	11/29/2025	11	29	2025
321	hi	AY.4	3.0478	a42	11/29/2025	11	29	2025
322	hi	AY.4.3	3.0478	a42	11/29/2025	11	29	2025
323	hi	AY.44	3.0478	a42	11/29/2025	11	29	2025
324	hi	AY.45	3.0478	a42	11/29/2025	11	29	2025
325	hi	AY.58	5.5557	a42	11/29/2025	11	29	2025
326	hi	AY.59	5.5557	a42	11/29/2025	11	29	2025
327	hi	AY.61	5.5557	a42	11/29/2025	11	29	2025
328	hi	AY.67	5.5557	a42	11/29/2025	11	29	2025
329	hi	AY.71	5.5557	a42	11/29/2025	11	29	2025
330	hi	AY.75	5.5557	a42	11/29/2025	11	29	2025
331	hi	AY.75.2	5.5557	a42	11/29/2025	11	29	2025
332	hi	AY.77	3.0478	a42	11/29/2025	11	29	2025
333	hi	AY.80	3.0478	a42	11/29/2025	11	29	2025
334	hi	AY.98	3.0478	a42	11/29/2025	11	29	2025
335	hi	B.1.617.2	10.3773	a42	11/29/2025	11	29	2025
336	ia	AY.111	3.0478	a43	11/29/2025	11	29	2025
337	ia	AY.119	3.0478	a43	11/29/2025	11	29	2025
338	ia	AY.119.2	3.0478	a43	11/29/2025	11	29	2025
339	ia	AY.124	3.0478	a43	11/29/2025	11	29	2025
340	ia	AY.127	3.0478	a43	11/29/2025	11	29	2025
341	ia	AY.26	5.5557	a43	11/29/2025	11	29	2025
342	ia	AY.33	3.0478	a43	11/29/2025	11	29	2025
343	ia	AY.38	5.5557	a43	11/29/2025	11	29	2025
344	ia	AY.4	3.0478	a43	11/29/2025	11	29	2025
345	ia	AY.4.3	3.0478	a43	11/29/2025	11	29	2025
346	ia	AY.44	3.0478	a43	11/29/2025	11	29	2025
347	ia	AY.45	3.0478	a43	11/29/2025	11	29	2025
348	ia	AY.58	5.5557	a43	11/29/2025	11	29	2025
349	ia	AY.59	5.5557	a43	11/29/2025	11	29	2025
350	ia	AY.61	5.5557	a43	11/29/2025	11	29	2025
351	ia	AY.67	5.5557	a43	11/29/2025	11	29	2025
352	ia	AY.71	5.5557	a43	11/29/2025	11	29	2025
353	ia	AY.75	5.5557	a43	11/29/2025	11	29	2025
354	ia	AY.75.2	5.5557	a43	11/29/2025	11	29	2025
355	ia	AY.77	3.0478	a43	11/29/2025	11	29	2025
356	ia	AY.80	3.0478	a43	11/29/2025	11	29	2025
357	ia	AY.98	3.0478	a43	11/29/2025	11	29	2025
358	ia	B.1.617.2	10.3773	a43	11/29/2025	11	29	2025
359	id	AY.111	3.0478	a13	11/22/2025	11	22	2025
360	id	AY.119	3.0478	a13	11/22/2025	11	22	2025
361	id	AY.119.2	3.0478	a13	11/22/2025	11	22	2025
362	id	AY.124	3.0478	a13	11/22/2025	11	22	2025
363	id	AY.127	3.0478	a13	11/22/2025	11	22	2025
364	id	AY.26	5.5557	a13	11/22/2025	11	22	2025
365	id	AY.33	3.0478	a13	11/22/2025	11	22	2025
366	id	AY.38	5.5557	a13	11/22/2025	11	22	2025
367	id	AY.4	3.0478	a13	11/22/2025	11	22	2025
368	id	AY.4.3	3.0478	a13	11/22/2025	11	22	2025
369	id	AY.44	3.0478	a13	11/22/2025	11	22	2025
370	id	AY.45	3.0478	a13	11/22/2025	11	22	2025
371	id	AY.58	5.5557	a13	11/22/2025	11	22	2025
372	id	AY.59	5.5557	a13	11/22/2025	11	22	2025
373	id	AY.61	5.5557	a13	11/22/2025	11	22	2025
374	id	AY.67	5.5557	a13	11/22/2025	11	22	2025
375	id	AY.71	5.5557	a13	11/22/2025	11	22	2025
376	id	AY.75	5.5557	a13	11/22/2025	11	22	2025
377	id	AY.75.2	5.5557	a13	11/22/2025	11	22	2025
378	id	AY.77	3.0478	a13	11/22/2025	11	22	2025
379	id	AY.80	3.0478	a13	11/22/2025	11	22	2025
380	id	AY.98	3.0478	a13	11/22/2025	11	22	2025
381	id	B.1.617.2	10.3773	a13	11/22/2025	11	22	2025
382	id	AY.111	3.0478	a44	11/29/2025	11	29	2025
383	id	AY.119	3.0478	a44	11/29/2025	11	29	2025
384	id	AY.119.2	3.0478	a44	11/29/2025	11	29	2025
385	id	AY.124	3.0478	a44	11/29/2025	11	29	2025
386	id	AY.127	3.0478	a44	11/29/2025	11	29	2025
387	id	AY.26	5.5557	a44	11/29/2025	11	29	2025
388	id	AY.33	3.0478	a44	11/29/2025	11	29	2025
389	id	AY.38	5.5557	a44	11/29/2025	11	29	2025
390	id	AY.4	3.0478	a44	11/29/2025	11	29	2025
391	id	AY.4.3	3.0478	a44	11/29/2025	11	29	2025
392	id	AY.44	3.0478	a44	11/29/2025	11	29	2025
393	id	AY.45	3.0478	a44	11/29/2025	11	29	2025
394	id	AY.58	5.5557	a44	11/29/2025	11	29	2025
395	id	AY.59	5.5557	a44	11/29/2025	11	29	2025
396	id	AY.61	5.5557	a44	11/29/2025	11	29	2025
397	id	AY.67	5.5557	a44	11/29/2025	11	29	2025
398	id	AY.71	5.5557	a44	11/29/2025	11	29	2025
399	id	AY.75	5.5557	a44	11/29/2025	11	29	2025
400	id	AY.75.2	5.5557	a44	11/29/2025	11	29	2025
401	id	AY.77	3.0478	a44	11/29/2025	11	29	2025
402	id	AY.80	3.0478	a44	11/29/2025	11	29	2025
403	id	AY.98	3.0478	a44	11/29/2025	11	29	2025
404	id	B.1.617.2	10.3773	a44	11/29/2025	11	29	2025
405	il	AY.111	3.0478	a14	11/22/2025	11	22	2025
406	il	AY.119	3.0478	a14	11/22/2025	11	22	2025
407	il	AY.119.2	3.0478	a14	11/22/2025	11	22	2025
408	il	AY.124	3.0478	a14	11/22/2025	11	22	2025
409	il	AY.127	3.0478	a14	11/22/2025	11	22	2025
410	il	AY.26	5.5557	a14	11/22/2025	11	22	2025
411	il	AY.33	3.0478	a14	11/22/2025	11	22	2025
412	il	AY.38	5.5557	a14	11/22/2025	11	22	2025
413	il	AY.4	3.0478	a14	11/22/2025	11	22	2025
414	il	AY.4.3	3.0478	a14	11/22/2025	11	22	2025
415	il	AY.44	3.0478	a14	11/22/2025	11	22	2025
416	il	AY.45	3.0478	a14	11/22/2025	11	22	2025
417	il	AY.58	5.5557	a14	11/22/2025	11	22	2025
418	il	AY.59	5.5557	a14	11/22/2025	11	22	2025
419	il	AY.61	5.5557	a14	11/22/2025	11	22	2025
420	il	AY.67	5.5557	a14	11/22/2025	11	22	2025
421	il	AY.71	5.5557	a14	11/22/2025	11	22	2025
422	il	AY.75	5.5557	a14	11/22/2025	11	22	2025
423	il	AY.75.2	5.5557	a14	11/22/2025	11	22	2025
424	il	AY.77	3.0478	a14	11/22/2025	11	22	2025
425	il	AY.80	3.0478	a14	11/22/2025	11	22	2025
426	il	AY.98	3.0478	a14	11/22/2025	11	22	2025
427	il	B.1.617.2	10.3773	a14	11/22/2025	11	22	2025
428	il	AY.111	3.0478	a45	11/29/2025	11	29	2025
429	il	AY.119	3.0478	a45	11/29/2025	11	29	2025
430	il	AY.119.2	3.0478	a45	11/29/2025	11	29	2025
431	il	AY.124	3.0478	a45	11/29/2025	11	29	2025
432	il	AY.127	3.0478	a45	11/29/2025	11	29	2025
433	il	AY.26	5.5557	a45	11/29/2025	11	29	2025
434	il	AY.33	3.0478	a45	11/29/2025	11	29	2025
435	il	AY.38	5.5557	a45	11/29/2025	11	29	2025
436	il	AY.4	3.0478	a45	11/29/2025	11	29	2025
437	il	AY.4.3	3.0478	a45	11/29/2025	11	29	2025
438	il	AY.44	3.0478	a45	11/29/2025	11	29	2025
439	il	AY.45	3.0478	a45	11/29/2025	11	29	2025
440	il	AY.58	5.5557	a45	11/29/2025	11	29	2025
441	il	AY.59	5.5557	a45	11/29/2025	11	29	2025
442	il	AY.61	5.5557	a45	11/29/2025	11	29	2025
443	il	AY.67	5.5557	a45	11/29/2025	11	29	2025
444	il	AY.71	5.5557	a45	11/29/2025	11	29	2025
445	il	AY.75	5.5557	a45	11/29/2025	11	29	2025
446	il	AY.75.2	5.5557	a45	11/29/2025	11	29	2025
447	il	AY.77	3.0478	a45	11/29/2025	11	29	2025
448	il	AY.80	3.0478	a45	11/29/2025	11	29	2025
449	il	AY.98	3.0478	a45	11/29/2025	11	29	2025
450	il	B.1.617.2	10.3773	a45	11/29/2025	11	29	2025
451	il	AY.111	3.0478	a72	12/6/2025	12	6	2025
452	il	AY.119	3.0478	a72	12/6/2025	12	6	2025
453	il	AY.119.2	3.0478	a72	12/6/2025	12	6	2025
454	il	AY.124	3.0478	a72	12/6/2025	12	6	2025
455	il	AY.127	3.0478	a72	12/6/2025	12	6	2025
456	il	AY.26	5.5557	a72	12/6/2025	12	6	2025
457	il	AY.33	3.0478	a72	12/6/2025	12	6	2025
458	il	AY.38	5.5557	a72	12/6/2025	12	6	2025
459	il	AY.4	3.0478	a72	12/6/2025	12	6	2025
460	il	AY.4.3	3.0478	a72	12/6/2025	12	6	2025
461	il	AY.44	3.0478	a72	12/6/2025	12	6	2025
462	il	AY.45	3.0478	a72	12/6/2025	12	6	2025
463	il	AY.58	5.5557	a72	12/6/2025	12	6	2025
464	il	AY.59	5.5557	a72	12/6/2025	12	6	2025
465	il	AY.61	5.5557	a72	12/6/2025	12	6	2025
466	il	AY.67	5.5557	a72	12/6/2025	12	6	2025
467	il	AY.71	5.5557	a72	12/6/2025	12	6	2025
468	il	AY.75	5.5557	a72	12/6/2025	12	6	2025
469	il	AY.75.2	5.5557	a72	12/6/2025	12	6	2025
470	il	AY.77	3.0478	a72	12/6/2025	12	6	2025
471	il	AY.80	3.0478	a72	12/6/2025	12	6	2025
472	il	AY.98	3.0478	a72	12/6/2025	12	6	2025
473	il	B.1.617.2	10.3773	a72	12/6/2025	12	6	2025
474	ks	AY.111	3.0478	a15	11/22/2025	11	22	2025
475	ks	AY.119	3.0478	a15	11/22/2025	11	22	2025
476	ks	AY.119.2	3.0478	a15	11/22/2025	11	22	2025
477	ks	AY.124	3.0478	a15	11/22/2025	11	22	2025
478	ks	AY.127	3.0478	a15	11/22/2025	11	22	2025
479	ks	AY.26	5.5557	a15	11/22/2025	11	22	2025
480	ks	AY.33	3.0478	a15	11/22/2025	11	22	2025
481	ks	AY.38	5.5557	a15	11/22/2025	11	22	2025
482	ks	AY.4	3.0478	a15	11/22/2025	11	22	2025
483	ks	AY.4.3	3.0478	a15	11/22/2025	11	22	2025
484	ks	AY.44	3.0478	a15	11/22/2025	11	22	2025
485	ks	AY.45	3.0478	a15	11/22/2025	11	22	2025
486	ks	AY.58	5.5557	a15	11/22/2025	11	22	2025
487	ks	AY.59	5.5557	a15	11/22/2025	11	22	2025
488	ks	AY.61	5.5557	a15	11/22/2025	11	22	2025
489	ks	AY.67	5.5557	a15	11/22/2025	11	22	2025
490	ks	AY.71	5.5557	a15	11/22/2025	11	22	2025
491	ks	AY.75	5.5557	a15	11/22/2025	11	22	2025
492	ks	AY.75.2	5.5557	a15	11/22/2025	11	22	2025
493	ks	AY.77	3.0478	a15	11/22/2025	11	22	2025
494	ks	AY.80	3.0478	a15	11/22/2025	11	22	2025
495	ks	AY.98	3.0478	a15	11/22/2025	11	22	2025
496	ks	B.1.617.2	10.3773	a15	11/22/2025	11	22	2025
497	ks	AY.111	3.0478	a46	11/29/2025	11	29	2025
498	ks	AY.119	3.0478	a46	11/29/2025	11	29	2025
499	ks	AY.119.2	3.0478	a46	11/29/2025	11	29	2025
500	ks	AY.124	3.0478	a46	11/29/2025	11	29	2025
501	ks	AY.127	3.0478	a46	11/29/2025	11	29	2025
502	ks	AY.26	5.5557	a46	11/29/2025	11	29	2025
503	ks	AY.33	3.0478	a46	11/29/2025	11	29	2025
504	ks	AY.38	5.5557	a46	11/29/2025	11	29	2025
505	ks	AY.4	3.0478	a46	11/29/2025	11	29	2025
506	ks	AY.4.3	3.0478	a46	11/29/2025	11	29	2025
507	ks	AY.44	3.0478	a46	11/29/2025	11	29	2025
508	ks	AY.45	3.0478	a46	11/29/2025	11	29	2025
509	ks	AY.58	5.5557	a46	11/29/2025	11	29	2025
510	ks	AY.59	5.5557	a46	11/29/2025	11	29	2025
511	ks	AY.61	5.5557	a46	11/29/2025	11	29	2025
512	ks	AY.67	5.5557	a46	11/29/2025	11	29	2025
513	ks	AY.71	5.5557	a46	11/29/2025	11	29	2025
514	ks	AY.75	5.5557	a46	11/29/2025	11	29	2025
515	ks	AY.75.2	5.5557	a46	11/29/2025	11	29	2025
516	ks	AY.77	3.0478	a46	11/29/2025	11	29	2025
517	ks	AY.80	3.0478	a46	11/29/2025	11	29	2025
518	ks	AY.98	3.0478	a46	11/29/2025	11	29	2025
519	ks	B.1.617.2	10.3773	a46	11/29/2025	11	29	2025
520	ma	AY.111	3.0478	a47	11/29/2025	11	29	2025
521	ma	AY.119	3.0478	a47	11/29/2025	11	29	2025
522	ma	AY.119.2	3.0478	a47	11/29/2025	11	29	2025
523	ma	AY.124	3.0478	a47	11/29/2025	11	29	2025
524	ma	AY.127	3.0478	a47	11/29/2025	11	29	2025
525	ma	AY.26	5.5557	a47	11/29/2025	11	29	2025
526	ma	AY.33	3.0478	a47	11/29/2025	11	29	2025
527	ma	AY.38	5.5557	a47	11/29/2025	11	29	2025
528	ma	AY.4	3.0478	a47	11/29/2025	11	29	2025
529	ma	AY.4.3	3.0478	a47	11/29/2025	11	29	2025
530	ma	AY.44	3.0478	a47	11/29/2025	11	29	2025
531	ma	AY.45	3.0478	a47	11/29/2025	11	29	2025
532	ma	AY.58	5.5557	a47	11/29/2025	11	29	2025
533	ma	AY.59	5.5557	a47	11/29/2025	11	29	2025
534	ma	AY.61	5.5557	a47	11/29/2025	11	29	2025
535	ma	AY.67	5.5557	a47	11/29/2025	11	29	2025
536	ma	AY.71	5.5557	a47	11/29/2025	11	29	2025
537	ma	AY.75	5.5557	a47	11/29/2025	11	29	2025
538	ma	AY.75.2	5.5557	a47	11/29/2025	11	29	2025
539	ma	AY.77	3.0478	a47	11/29/2025	11	29	2025
540	ma	AY.80	3.0478	a47	11/29/2025	11	29	2025
541	ma	AY.98	3.0478	a47	11/29/2025	11	29	2025
542	ma	B.1.617.2	10.3773	a47	11/29/2025	11	29	2025
543	md	AY.111	3.0478	a16	11/22/2025	11	22	2025
544	md	AY.119	3.0478	a16	11/22/2025	11	22	2025
545	md	AY.119.2	3.0478	a16	11/22/2025	11	22	2025
546	md	AY.124	3.0478	a16	11/22/2025	11	22	2025
547	md	AY.127	3.0478	a16	11/22/2025	11	22	2025
548	md	AY.26	5.5557	a16	11/22/2025	11	22	2025
549	md	AY.33	3.0478	a16	11/22/2025	11	22	2025
550	md	AY.38	5.5557	a16	11/22/2025	11	22	2025
551	md	AY.4	3.0478	a16	11/22/2025	11	22	2025
552	md	AY.4.3	3.0478	a16	11/22/2025	11	22	2025
553	md	AY.44	3.0478	a16	11/22/2025	11	22	2025
554	md	AY.45	3.0478	a16	11/22/2025	11	22	2025
555	md	AY.58	5.5557	a16	11/22/2025	11	22	2025
556	md	AY.59	5.5557	a16	11/22/2025	11	22	2025
557	md	AY.61	5.5557	a16	11/22/2025	11	22	2025
558	md	AY.67	5.5557	a16	11/22/2025	11	22	2025
559	md	AY.71	5.5557	a16	11/22/2025	11	22	2025
560	md	AY.75	5.5557	a16	11/22/2025	11	22	2025
561	md	AY.75.2	5.5557	a16	11/22/2025	11	22	2025
562	md	AY.77	3.0478	a16	11/22/2025	11	22	2025
563	md	AY.80	3.0478	a16	11/22/2025	11	22	2025
564	md	AY.98	3.0478	a16	11/22/2025	11	22	2025
565	md	B.1.617.2	10.3773	a16	11/22/2025	11	22	2025
566	md	AY.111	3.0478	a48	11/29/2025	11	29	2025
567	md	AY.119	3.0478	a48	11/29/2025	11	29	2025
568	md	AY.119.2	3.0478	a48	11/29/2025	11	29	2025
569	md	AY.124	3.0478	a48	11/29/2025	11	29	2025
570	md	AY.127	3.0478	a48	11/29/2025	11	29	2025
571	md	AY.26	5.5557	a48	11/29/2025	11	29	2025
572	md	AY.33	3.0478	a48	11/29/2025	11	29	2025
573	md	AY.38	5.5557	a48	11/29/2025	11	29	2025
574	md	AY.4	3.0478	a48	11/29/2025	11	29	2025
575	md	AY.4.3	3.0478	a48	11/29/2025	11	29	2025
576	md	AY.44	3.0478	a48	11/29/2025	11	29	2025
577	md	AY.45	3.0478	a48	11/29/2025	11	29	2025
578	md	AY.58	5.5557	a48	11/29/2025	11	29	2025
579	md	AY.59	5.5557	a48	11/29/2025	11	29	2025
580	md	AY.61	5.5557	a48	11/29/2025	11	29	2025
581	md	AY.67	5.5557	a48	11/29/2025	11	29	2025
582	md	AY.71	5.5557	a48	11/29/2025	11	29	2025
583	md	AY.75	5.5557	a48	11/29/2025	11	29	2025
584	md	AY.75.2	5.5557	a48	11/29/2025	11	29	2025
585	md	AY.77	3.0478	a48	11/29/2025	11	29	2025
586	md	AY.80	3.0478	a48	11/29/2025	11	29	2025
587	md	AY.98	3.0478	a48	11/29/2025	11	29	2025
588	md	B.1.617.2	10.3773	a48	11/29/2025	11	29	2025
589	md	AY.111	3.0478	a73	12/6/2025	12	6	2025
590	md	AY.119	3.0478	a73	12/6/2025	12	6	2025
591	md	AY.119.2	3.0478	a73	12/6/2025	12	6	2025
592	md	AY.124	3.0478	a73	12/6/2025	12	6	2025
593	md	AY.127	3.0478	a73	12/6/2025	12	6	2025
594	md	AY.26	5.5557	a73	12/6/2025	12	6	2025
595	md	AY.33	3.0478	a73	12/6/2025	12	6	2025
596	md	AY.38	5.5557	a73	12/6/2025	12	6	2025
597	md	AY.4	3.0478	a73	12/6/2025	12	6	2025
598	md	AY.4.3	3.0478	a73	12/6/2025	12	6	2025
599	md	AY.44	3.0478	a73	12/6/2025	12	6	2025
600	md	AY.45	3.0478	a73	12/6/2025	12	6	2025
601	md	AY.58	5.5557	a73	12/6/2025	12	6	2025
602	md	AY.59	5.5557	a73	12/6/2025	12	6	2025
603	md	AY.61	5.5557	a73	12/6/2025	12	6	2025
604	md	AY.67	5.5557	a73	12/6/2025	12	6	2025
605	md	AY.71	5.5557	a73	12/6/2025	12	6	2025
606	md	AY.75	5.5557	a73	12/6/2025	12	6	2025
607	md	AY.75.2	5.5557	a73	12/6/2025	12	6	2025
608	md	AY.77	3.0478	a73	12/6/2025	12	6	2025
609	md	AY.80	3.0478	a73	12/6/2025	12	6	2025
610	md	AY.98	3.0478	a73	12/6/2025	12	6	2025
611	md	B.1.617.2	10.3773	a73	12/6/2025	12	6	2025
612	me	AY.111	3.0478	a17	11/22/2025	11	22	2025
613	me	AY.119	3.0478	a17	11/22/2025	11	22	2025
614	me	AY.119.2	3.0478	a17	11/22/2025	11	22	2025
615	me	AY.124	3.0478	a17	11/22/2025	11	22	2025
616	me	AY.127	3.0478	a17	11/22/2025	11	22	2025
617	me	AY.26	5.5557	a17	11/22/2025	11	22	2025
618	me	AY.33	3.0478	a17	11/22/2025	11	22	2025
619	me	AY.38	5.5557	a17	11/22/2025	11	22	2025
620	me	AY.4	3.0478	a17	11/22/2025	11	22	2025
621	me	AY.4.3	3.0478	a17	11/22/2025	11	22	2025
622	me	AY.44	3.0478	a17	11/22/2025	11	22	2025
623	me	AY.45	3.0478	a17	11/22/2025	11	22	2025
624	me	AY.58	5.5557	a17	11/22/2025	11	22	2025
625	me	AY.59	5.5557	a17	11/22/2025	11	22	2025
626	me	AY.61	5.5557	a17	11/22/2025	11	22	2025
627	me	AY.67	5.5557	a17	11/22/2025	11	22	2025
628	me	AY.71	5.5557	a17	11/22/2025	11	22	2025
629	me	AY.75	5.5557	a17	11/22/2025	11	22	2025
630	me	AY.75.2	5.5557	a17	11/22/2025	11	22	2025
631	me	AY.77	3.0478	a17	11/22/2025	11	22	2025
632	me	AY.80	3.0478	a17	11/22/2025	11	22	2025
633	me	AY.98	3.0478	a17	11/22/2025	11	22	2025
634	me	B.1.617.2	10.3773	a17	11/22/2025	11	22	2025
635	me	AY.111	3.0478	a49	11/29/2025	11	29	2025
636	me	AY.119	3.0478	a49	11/29/2025	11	29	2025
637	me	AY.119.2	3.0478	a49	11/29/2025	11	29	2025
638	me	AY.124	3.0478	a49	11/29/2025	11	29	2025
639	me	AY.127	3.0478	a49	11/29/2025	11	29	2025
640	me	AY.26	5.5557	a49	11/29/2025	11	29	2025
641	me	AY.33	3.0478	a49	11/29/2025	11	29	2025
642	me	AY.38	5.5557	a49	11/29/2025	11	29	2025
643	me	AY.4	3.0478	a49	11/29/2025	11	29	2025
644	me	AY.4.3	3.0478	a49	11/29/2025	11	29	2025
645	me	AY.44	3.0478	a49	11/29/2025	11	29	2025
646	me	AY.45	3.0478	a49	11/29/2025	11	29	2025
647	me	AY.58	5.5557	a49	11/29/2025	11	29	2025
648	me	AY.59	5.5557	a49	11/29/2025	11	29	2025
649	me	AY.61	5.5557	a49	11/29/2025	11	29	2025
650	me	AY.67	5.5557	a49	11/29/2025	11	29	2025
651	me	AY.71	5.5557	a49	11/29/2025	11	29	2025
652	me	AY.75	5.5557	a49	11/29/2025	11	29	2025
653	me	AY.75.2	5.5557	a49	11/29/2025	11	29	2025
654	me	AY.77	3.0478	a49	11/29/2025	11	29	2025
655	me	AY.80	3.0478	a49	11/29/2025	11	29	2025
656	me	AY.98	3.0478	a49	11/29/2025	11	29	2025
657	me	B.1.617.2	10.3773	a49	11/29/2025	11	29	2025
658	me	AY.111	3.0478	a74	12/6/2025	12	6	2025
659	me	AY.119	3.0478	a74	12/6/2025	12	6	2025
660	me	AY.119.2	3.0478	a74	12/6/2025	12	6	2025
661	me	AY.124	3.0478	a74	12/6/2025	12	6	2025
662	me	AY.127	3.0478	a74	12/6/2025	12	6	2025
663	me	AY.26	5.5557	a74	12/6/2025	12	6	2025
664	me	AY.33	3.0478	a74	12/6/2025	12	6	2025
665	me	AY.38	5.5557	a74	12/6/2025	12	6	2025
666	me	AY.4	3.0478	a74	12/6/2025	12	6	2025
667	me	AY.4.3	3.0478	a74	12/6/2025	12	6	2025
668	me	AY.44	3.0478	a74	12/6/2025	12	6	2025
669	me	AY.45	3.0478	a74	12/6/2025	12	6	2025
670	me	AY.58	5.5557	a74	12/6/2025	12	6	2025
671	me	AY.59	5.5557	a74	12/6/2025	12	6	2025
672	me	AY.61	5.5557	a74	12/6/2025	12	6	2025
673	me	AY.67	5.5557	a74	12/6/2025	12	6	2025
674	me	AY.71	5.5557	a74	12/6/2025	12	6	2025
675	me	AY.75	5.5557	a74	12/6/2025	12	6	2025
676	me	AY.75.2	5.5557	a74	12/6/2025	12	6	2025
677	me	AY.77	3.0478	a74	12/6/2025	12	6	2025
678	me	AY.80	3.0478	a74	12/6/2025	12	6	2025
679	me	AY.98	3.0478	a74	12/6/2025	12	6	2025
680	me	B.1.617.2	10.3773	a74	12/6/2025	12	6	2025
681	mo	AY.111	3.0478	a50	11/29/2025	11	29	2025
682	mo	AY.119	3.0478	a50	11/29/2025	11	29	2025
683	mo	AY.119.2	3.0478	a50	11/29/2025	11	29	2025
684	mo	AY.124	3.0478	a50	11/29/2025	11	29	2025
685	mo	AY.127	3.0478	a50	11/29/2025	11	29	2025
686	mo	AY.26	5.5557	a50	11/29/2025	11	29	2025
687	mo	AY.33	3.0478	a50	11/29/2025	11	29	2025
688	mo	AY.38	5.5557	a50	11/29/2025	11	29	2025
689	mo	AY.4	3.0478	a50	11/29/2025	11	29	2025
690	mo	AY.4.3	3.0478	a50	11/29/2025	11	29	2025
691	mo	AY.44	3.0478	a50	11/29/2025	11	29	2025
692	mo	AY.45	3.0478	a50	11/29/2025	11	29	2025
693	mo	AY.58	5.5557	a50	11/29/2025	11	29	2025
694	mo	AY.59	5.5557	a50	11/29/2025	11	29	2025
695	mo	AY.61	5.5557	a50	11/29/2025	11	29	2025
696	mo	AY.67	5.5557	a50	11/29/2025	11	29	2025
697	mo	AY.71	5.5557	a50	11/29/2025	11	29	2025
698	mo	AY.75	5.5557	a50	11/29/2025	11	29	2025
699	mo	AY.75.2	5.5557	a50	11/29/2025	11	29	2025
700	mo	AY.77	3.0478	a50	11/29/2025	11	29	2025
701	mo	AY.80	3.0478	a50	11/29/2025	11	29	2025
702	mo	AY.98	3.0478	a50	11/29/2025	11	29	2025
703	mo	B.1.617.2	10.3773	a50	11/29/2025	11	29	2025
704	nc	AY.111	3.0478	a18	11/22/2025	11	22	2025
705	nc	AY.119	3.0478	a18	11/22/2025	11	22	2025
706	nc	AY.119.2	3.0478	a18	11/22/2025	11	22	2025
707	nc	AY.124	3.0478	a18	11/22/2025	11	22	2025
708	nc	AY.127	3.0478	a18	11/22/2025	11	22	2025
709	nc	AY.26	5.5557	a18	11/22/2025	11	22	2025
710	nc	AY.33	3.0478	a18	11/22/2025	11	22	2025
711	nc	AY.38	5.5557	a18	11/22/2025	11	22	2025
712	nc	AY.4	3.0478	a18	11/22/2025	11	22	2025
713	nc	AY.4.3	3.0478	a18	11/22/2025	11	22	2025
714	nc	AY.44	3.0478	a18	11/22/2025	11	22	2025
715	nc	AY.45	3.0478	a18	11/22/2025	11	22	2025
716	nc	AY.58	5.5557	a18	11/22/2025	11	22	2025
717	nc	AY.59	5.5557	a18	11/22/2025	11	22	2025
718	nc	AY.61	5.5557	a18	11/22/2025	11	22	2025
719	nc	AY.67	5.5557	a18	11/22/2025	11	22	2025
720	nc	AY.71	5.5557	a18	11/22/2025	11	22	2025
721	nc	AY.75	5.5557	a18	11/22/2025	11	22	2025
722	nc	AY.75.2	5.5557	a18	11/22/2025	11	22	2025
723	nc	AY.77	3.0478	a18	11/22/2025	11	22	2025
724	nc	AY.80	3.0478	a18	11/22/2025	11	22	2025
725	nc	AY.98	3.0478	a18	11/22/2025	11	22	2025
726	nc	B.1.617.2	10.3773	a18	11/22/2025	11	22	2025
727	nc	AY.111	3.0478	a51	11/29/2025	11	29	2025
728	nc	AY.119	3.0478	a51	11/29/2025	11	29	2025
729	nc	AY.119.2	3.0478	a51	11/29/2025	11	29	2025
730	nc	AY.124	3.0478	a51	11/29/2025	11	29	2025
731	nc	AY.127	3.0478	a51	11/29/2025	11	29	2025
732	nc	AY.26	5.5557	a51	11/29/2025	11	29	2025
733	nc	AY.33	3.0478	a51	11/29/2025	11	29	2025
734	nc	AY.38	5.5557	a51	11/29/2025	11	29	2025
735	nc	AY.4	3.0478	a51	11/29/2025	11	29	2025
736	nc	AY.4.3	3.0478	a51	11/29/2025	11	29	2025
737	nc	AY.44	3.0478	a51	11/29/2025	11	29	2025
738	nc	AY.45	3.0478	a51	11/29/2025	11	29	2025
739	nc	AY.58	5.5557	a51	11/29/2025	11	29	2025
740	nc	AY.59	5.5557	a51	11/29/2025	11	29	2025
741	nc	AY.61	5.5557	a51	11/29/2025	11	29	2025
742	nc	AY.67	5.5557	a51	11/29/2025	11	29	2025
743	nc	AY.71	5.5557	a51	11/29/2025	11	29	2025
744	nc	AY.75	5.5557	a51	11/29/2025	11	29	2025
745	nc	AY.75.2	5.5557	a51	11/29/2025	11	29	2025
746	nc	AY.77	3.0478	a51	11/29/2025	11	29	2025
747	nc	AY.80	3.0478	a51	11/29/2025	11	29	2025
748	nc	AY.98	3.0478	a51	11/29/2025	11	29	2025
749	nc	B.1.617.2	10.3773	a51	11/29/2025	11	29	2025
750	nc	AY.111	3.0478	a75	12/6/2025	12	6	2025
751	nc	AY.119	3.0478	a75	12/6/2025	12	6	2025
752	nc	AY.119.2	3.0478	a75	12/6/2025	12	6	2025
753	nc	AY.124	3.0478	a75	12/6/2025	12	6	2025
754	nc	AY.127	3.0478	a75	12/6/2025	12	6	2025
755	nc	AY.26	5.5557	a75	12/6/2025	12	6	2025
756	nc	AY.33	3.0478	a75	12/6/2025	12	6	2025
757	nc	AY.38	5.5557	a75	12/6/2025	12	6	2025
758	nc	AY.4	3.0478	a75	12/6/2025	12	6	2025
759	nc	AY.4.3	3.0478	a75	12/6/2025	12	6	2025
760	nc	AY.44	3.0478	a75	12/6/2025	12	6	2025
761	nc	AY.45	3.0478	a75	12/6/2025	12	6	2025
762	nc	AY.58	5.5557	a75	12/6/2025	12	6	2025
763	nc	AY.59	5.5557	a75	12/6/2025	12	6	2025
764	nc	AY.61	5.5557	a75	12/6/2025	12	6	2025
765	nc	AY.67	5.5557	a75	12/6/2025	12	6	2025
766	nc	AY.71	5.5557	a75	12/6/2025	12	6	2025
767	nc	AY.75	5.5557	a75	12/6/2025	12	6	2025
768	nc	AY.75.2	5.5557	a75	12/6/2025	12	6	2025
769	nc	AY.77	3.0478	a75	12/6/2025	12	6	2025
770	nc	AY.80	3.0478	a75	12/6/2025	12	6	2025
771	nc	AY.98	3.0478	a75	12/6/2025	12	6	2025
772	nc	B.1.617.2	10.3773	a75	12/6/2025	12	6	2025
773	nh	AY.111	3.0478	a19	11/22/2025	11	22	2025
774	nh	AY.119	3.0478	a19	11/22/2025	11	22	2025
775	nh	AY.119.2	3.0478	a19	11/22/2025	11	22	2025
776	nh	AY.124	3.0478	a19	11/22/2025	11	22	2025
777	nh	AY.127	3.0478	a19	11/22/2025	11	22	2025
778	nh	AY.26	5.5557	a19	11/22/2025	11	22	2025
779	nh	AY.33	3.0478	a19	11/22/2025	11	22	2025
780	nh	AY.38	5.5557	a19	11/22/2025	11	22	2025
781	nh	AY.4	3.0478	a19	11/22/2025	11	22	2025
782	nh	AY.4.3	3.0478	a19	11/22/2025	11	22	2025
783	nh	AY.44	3.0478	a19	11/22/2025	11	22	2025
784	nh	AY.45	3.0478	a19	11/22/2025	11	22	2025
785	nh	AY.58	5.5557	a19	11/22/2025	11	22	2025
786	nh	AY.59	5.5557	a19	11/22/2025	11	22	2025
787	nh	AY.61	5.5557	a19	11/22/2025	11	22	2025
788	nh	AY.67	5.5557	a19	11/22/2025	11	22	2025
789	nh	AY.71	5.5557	a19	11/22/2025	11	22	2025
790	nh	AY.75	5.5557	a19	11/22/2025	11	22	2025
791	nh	AY.75.2	5.5557	a19	11/22/2025	11	22	2025
792	nh	AY.77	3.0478	a19	11/22/2025	11	22	2025
793	nh	AY.80	3.0478	a19	11/22/2025	11	22	2025
794	nh	AY.98	3.0478	a19	11/22/2025	11	22	2025
795	nh	B.1.617.2	10.3773	a19	11/22/2025	11	22	2025
796	nh	AY.111	3.0478	a52	11/29/2025	11	29	2025
797	nh	AY.119	3.0478	a52	11/29/2025	11	29	2025
798	nh	AY.119.2	3.0478	a52	11/29/2025	11	29	2025
799	nh	AY.124	3.0478	a52	11/29/2025	11	29	2025
800	nh	AY.127	3.0478	a52	11/29/2025	11	29	2025
801	nh	AY.26	5.5557	a52	11/29/2025	11	29	2025
802	nh	AY.33	3.0478	a52	11/29/2025	11	29	2025
803	nh	AY.38	5.5557	a52	11/29/2025	11	29	2025
804	nh	AY.4	3.0478	a52	11/29/2025	11	29	2025
805	nh	AY.4.3	3.0478	a52	11/29/2025	11	29	2025
806	nh	AY.44	3.0478	a52	11/29/2025	11	29	2025
807	nh	AY.45	3.0478	a52	11/29/2025	11	29	2025
808	nh	AY.58	5.5557	a52	11/29/2025	11	29	2025
809	nh	AY.59	5.5557	a52	11/29/2025	11	29	2025
810	nh	AY.61	5.5557	a52	11/29/2025	11	29	2025
811	nh	AY.67	5.5557	a52	11/29/2025	11	29	2025
812	nh	AY.71	5.5557	a52	11/29/2025	11	29	2025
813	nh	AY.75	5.5557	a52	11/29/2025	11	29	2025
814	nh	AY.75.2	5.5557	a52	11/29/2025	11	29	2025
815	nh	AY.77	3.0478	a52	11/29/2025	11	29	2025
816	nh	AY.80	3.0478	a52	11/29/2025	11	29	2025
817	nh	AY.98	3.0478	a52	11/29/2025	11	29	2025
818	nh	B.1.617.2	10.3773	a52	11/29/2025	11	29	2025
819	nh	AY.111	3.0478	a76	12/6/2025	12	6	2025
820	nh	AY.119	3.0478	a76	12/6/2025	12	6	2025
821	nh	AY.119.2	3.0478	a76	12/6/2025	12	6	2025
822	nh	AY.124	3.0478	a76	12/6/2025	12	6	2025
823	nh	AY.127	3.0478	a76	12/6/2025	12	6	2025
824	nh	AY.26	5.5557	a76	12/6/2025	12	6	2025
825	nh	AY.33	3.0478	a76	12/6/2025	12	6	2025
826	nh	AY.38	5.5557	a76	12/6/2025	12	6	2025
827	nh	AY.4	3.0478	a76	12/6/2025	12	6	2025
828	nh	AY.4.3	3.0478	a76	12/6/2025	12	6	2025
829	nh	AY.44	3.0478	a76	12/6/2025	12	6	2025
830	nh	AY.45	3.0478	a76	12/6/2025	12	6	2025
831	nh	AY.58	5.5557	a76	12/6/2025	12	6	2025
832	nh	AY.59	5.5557	a76	12/6/2025	12	6	2025
833	nh	AY.61	5.5557	a76	12/6/2025	12	6	2025
834	nh	AY.67	5.5557	a76	12/6/2025	12	6	2025
835	nh	AY.71	5.5557	a76	12/6/2025	12	6	2025
836	nh	AY.75	5.5557	a76	12/6/2025	12	6	2025
837	nh	AY.75.2	5.5557	a76	12/6/2025	12	6	2025
838	nh	AY.77	3.0478	a76	12/6/2025	12	6	2025
839	nh	AY.80	3.0478	a76	12/6/2025	12	6	2025
840	nh	AY.98	3.0478	a76	12/6/2025	12	6	2025
841	nh	B.1.617.2	10.3773	a76	12/6/2025	12	6	2025
842	nj	AY.111	3.0478	a20	11/22/2025	11	22	2025
843	nj	AY.119	3.0478	a20	11/22/2025	11	22	2025
844	nj	AY.119.2	3.0478	a20	11/22/2025	11	22	2025
845	nj	AY.124	3.0478	a20	11/22/2025	11	22	2025
846	nj	AY.127	3.0478	a20	11/22/2025	11	22	2025
847	nj	AY.26	5.5557	a20	11/22/2025	11	22	2025
848	nj	AY.33	3.0478	a20	11/22/2025	11	22	2025
849	nj	AY.38	5.5557	a20	11/22/2025	11	22	2025
850	nj	AY.4	3.0478	a20	11/22/2025	11	22	2025
851	nj	AY.4.3	3.0478	a20	11/22/2025	11	22	2025
852	nj	AY.44	3.0478	a20	11/22/2025	11	22	2025
853	nj	AY.45	3.0478	a20	11/22/2025	11	22	2025
854	nj	AY.58	5.5557	a20	11/22/2025	11	22	2025
855	nj	AY.59	5.5557	a20	11/22/2025	11	22	2025
856	nj	AY.61	5.5557	a20	11/22/2025	11	22	2025
857	nj	AY.67	5.5557	a20	11/22/2025	11	22	2025
858	nj	AY.71	5.5557	a20	11/22/2025	11	22	2025
859	nj	AY.75	5.5557	a20	11/22/2025	11	22	2025
860	nj	AY.75.2	5.5557	a20	11/22/2025	11	22	2025
861	nj	AY.77	3.0478	a20	11/22/2025	11	22	2025
862	nj	AY.80	3.0478	a20	11/22/2025	11	22	2025
863	nj	AY.98	3.0478	a20	11/22/2025	11	22	2025
864	nj	B.1.617.2	10.3773	a20	11/22/2025	11	22	2025
865	nj	AY.111	3.0478	a53	11/29/2025	11	29	2025
866	nj	AY.119	3.0478	a53	11/29/2025	11	29	2025
867	nj	AY.119.2	3.0478	a53	11/29/2025	11	29	2025
868	nj	AY.124	3.0478	a53	11/29/2025	11	29	2025
869	nj	AY.127	3.0478	a53	11/29/2025	11	29	2025
870	nj	AY.26	5.5557	a53	11/29/2025	11	29	2025
871	nj	AY.33	3.0478	a53	11/29/2025	11	29	2025
872	nj	AY.38	5.5557	a53	11/29/2025	11	29	2025
873	nj	AY.4	3.0478	a53	11/29/2025	11	29	2025
874	nj	AY.4.3	3.0478	a53	11/29/2025	11	29	2025
875	nj	AY.44	3.0478	a53	11/29/2025	11	29	2025
876	nj	AY.45	3.0478	a53	11/29/2025	11	29	2025
877	nj	AY.58	5.5557	a53	11/29/2025	11	29	2025
878	nj	AY.59	5.5557	a53	11/29/2025	11	29	2025
879	nj	AY.61	5.5557	a53	11/29/2025	11	29	2025
880	nj	AY.67	5.5557	a53	11/29/2025	11	29	2025
881	nj	AY.71	5.5557	a53	11/29/2025	11	29	2025
882	nj	AY.75	5.5557	a53	11/29/2025	11	29	2025
883	nj	AY.75.2	5.5557	a53	11/29/2025	11	29	2025
884	nj	AY.77	3.0478	a53	11/29/2025	11	29	2025
885	nj	AY.80	3.0478	a53	11/29/2025	11	29	2025
886	nj	AY.98	3.0478	a53	11/29/2025	11	29	2025
887	nj	B.1.617.2	10.3773	a53	11/29/2025	11	29	2025
888	nj	AY.111	3.0478	a77	12/6/2025	12	6	2025
889	nj	AY.119	3.0478	a77	12/6/2025	12	6	2025
890	nj	AY.119.2	3.0478	a77	12/6/2025	12	6	2025
891	nj	AY.124	3.0478	a77	12/6/2025	12	6	2025
892	nj	AY.127	3.0478	a77	12/6/2025	12	6	2025
893	nj	AY.26	5.5557	a77	12/6/2025	12	6	2025
894	nj	AY.33	3.0478	a77	12/6/2025	12	6	2025
895	nj	AY.38	5.5557	a77	12/6/2025	12	6	2025
896	nj	AY.4	3.0478	a77	12/6/2025	12	6	2025
897	nj	AY.4.3	3.0478	a77	12/6/2025	12	6	2025
898	nj	AY.44	3.0478	a77	12/6/2025	12	6	2025
899	nj	AY.45	3.0478	a77	12/6/2025	12	6	2025
900	nj	AY.58	5.5557	a77	12/6/2025	12	6	2025
901	nj	AY.59	5.5557	a77	12/6/2025	12	6	2025
902	nj	AY.61	5.5557	a77	12/6/2025	12	6	2025
903	nj	AY.67	5.5557	a77	12/6/2025	12	6	2025
904	nj	AY.71	5.5557	a77	12/6/2025	12	6	2025
905	nj	AY.75	5.5557	a77	12/6/2025	12	6	2025
906	nj	AY.75.2	5.5557	a77	12/6/2025	12	6	2025
907	nj	AY.77	3.0478	a77	12/6/2025	12	6	2025
908	nj	AY.80	3.0478	a77	12/6/2025	12	6	2025
909	nj	AY.98	3.0478	a77	12/6/2025	12	6	2025
910	nj	B.1.617.2	10.3773	a77	12/6/2025	12	6	2025
911	nm	AY.111	3.0478	a21	11/22/2025	11	22	2025
912	nm	AY.119	3.0478	a21	11/22/2025	11	22	2025
913	nm	AY.119.2	3.0478	a21	11/22/2025	11	22	2025
914	nm	AY.124	3.0478	a21	11/22/2025	11	22	2025
915	nm	AY.127	3.0478	a21	11/22/2025	11	22	2025
916	nm	AY.26	5.5557	a21	11/22/2025	11	22	2025
917	nm	AY.33	3.0478	a21	11/22/2025	11	22	2025
918	nm	AY.38	5.5557	a21	11/22/2025	11	22	2025
919	nm	AY.4	3.0478	a21	11/22/2025	11	22	2025
920	nm	AY.4.3	3.0478	a21	11/22/2025	11	22	2025
921	nm	AY.44	3.0478	a21	11/22/2025	11	22	2025
922	nm	AY.45	3.0478	a21	11/22/2025	11	22	2025
923	nm	AY.58	5.5557	a21	11/22/2025	11	22	2025
924	nm	AY.59	5.5557	a21	11/22/2025	11	22	2025
925	nm	AY.61	5.5557	a21	11/22/2025	11	22	2025
926	nm	AY.67	5.5557	a21	11/22/2025	11	22	2025
927	nm	AY.71	5.5557	a21	11/22/2025	11	22	2025
928	nm	AY.75	5.5557	a21	11/22/2025	11	22	2025
929	nm	AY.75.2	5.5557	a21	11/22/2025	11	22	2025
930	nm	AY.77	3.0478	a21	11/22/2025	11	22	2025
931	nm	AY.80	3.0478	a21	11/22/2025	11	22	2025
932	nm	AY.98	3.0478	a21	11/22/2025	11	22	2025
933	nm	B.1.617.2	10.3773	a21	11/22/2025	11	22	2025
934	nm	AY.111	3.0478	a54	11/29/2025	11	29	2025
935	nm	AY.119	3.0478	a54	11/29/2025	11	29	2025
936	nm	AY.119.2	3.0478	a54	11/29/2025	11	29	2025
937	nm	AY.124	3.0478	a54	11/29/2025	11	29	2025
938	nm	AY.127	3.0478	a54	11/29/2025	11	29	2025
939	nm	AY.26	5.5557	a54	11/29/2025	11	29	2025
940	nm	AY.33	3.0478	a54	11/29/2025	11	29	2025
941	nm	AY.38	5.5557	a54	11/29/2025	11	29	2025
942	nm	AY.4	3.0478	a54	11/29/2025	11	29	2025
943	nm	AY.4.3	3.0478	a54	11/29/2025	11	29	2025
944	nm	AY.44	3.0478	a54	11/29/2025	11	29	2025
945	nm	AY.45	3.0478	a54	11/29/2025	11	29	2025
946	nm	AY.58	5.5557	a54	11/29/2025	11	29	2025
947	nm	AY.59	5.5557	a54	11/29/2025	11	29	2025
948	nm	AY.61	5.5557	a54	11/29/2025	11	29	2025
949	nm	AY.67	5.5557	a54	11/29/2025	11	29	2025
950	nm	AY.71	5.5557	a54	11/29/2025	11	29	2025
951	nm	AY.75	5.5557	a54	11/29/2025	11	29	2025
952	nm	AY.75.2	5.5557	a54	11/29/2025	11	29	2025
953	nm	AY.77	3.0478	a54	11/29/2025	11	29	2025
954	nm	AY.80	3.0478	a54	11/29/2025	11	29	2025
955	nm	AY.98	3.0478	a54	11/29/2025	11	29	2025
956	nm	B.1.617.2	10.3773	a54	11/29/2025	11	29	2025
957	nv	AY.111	3.0478	a22	11/22/2025	11	22	2025
958	nv	AY.119	3.0478	a22	11/22/2025	11	22	2025
959	nv	AY.119.2	3.0478	a22	11/22/2025	11	22	2025
960	nv	AY.124	3.0478	a22	11/22/2025	11	22	2025
961	nv	AY.127	3.0478	a22	11/22/2025	11	22	2025
962	nv	AY.26	5.5557	a22	11/22/2025	11	22	2025
963	nv	AY.33	3.0478	a22	11/22/2025	11	22	2025
964	nv	AY.38	5.5557	a22	11/22/2025	11	22	2025
965	nv	AY.4	3.0478	a22	11/22/2025	11	22	2025
966	nv	AY.4.3	3.0478	a22	11/22/2025	11	22	2025
967	nv	AY.44	3.0478	a22	11/22/2025	11	22	2025
968	nv	AY.45	3.0478	a22	11/22/2025	11	22	2025
969	nv	AY.58	5.5557	a22	11/22/2025	11	22	2025
970	nv	AY.59	5.5557	a22	11/22/2025	11	22	2025
971	nv	AY.61	5.5557	a22	11/22/2025	11	22	2025
972	nv	AY.67	5.5557	a22	11/22/2025	11	22	2025
973	nv	AY.71	5.5557	a22	11/22/2025	11	22	2025
974	nv	AY.75	5.5557	a22	11/22/2025	11	22	2025
975	nv	AY.75.2	5.5557	a22	11/22/2025	11	22	2025
976	nv	AY.77	3.0478	a22	11/22/2025	11	22	2025
977	nv	AY.80	3.0478	a22	11/22/2025	11	22	2025
978	nv	AY.98	3.0478	a22	11/22/2025	11	22	2025
979	nv	B.1.617.2	10.3773	a22	11/22/2025	11	22	2025
980	nv	AY.111	3.0478	a55	11/29/2025	11	29	2025
981	nv	AY.119	3.0478	a55	11/29/2025	11	29	2025
982	nv	AY.119.2	3.0478	a55	11/29/2025	11	29	2025
983	nv	AY.124	3.0478	a55	11/29/2025	11	29	2025
984	nv	AY.127	3.0478	a55	11/29/2025	11	29	2025
985	nv	AY.26	5.5557	a55	11/29/2025	11	29	2025
986	nv	AY.33	3.0478	a55	11/29/2025	11	29	2025
987	nv	AY.38	5.5557	a55	11/29/2025	11	29	2025
988	nv	AY.4	3.0478	a55	11/29/2025	11	29	2025
989	nv	AY.4.3	3.0478	a55	11/29/2025	11	29	2025
990	nv	AY.44	3.0478	a55	11/29/2025	11	29	2025
991	nv	AY.45	3.0478	a55	11/29/2025	11	29	2025
992	nv	AY.58	5.5557	a55	11/29/2025	11	29	2025
993	nv	AY.59	5.5557	a55	11/29/2025	11	29	2025
994	nv	AY.61	5.5557	a55	11/29/2025	11	29	2025
995	nv	AY.67	5.5557	a55	11/29/2025	11	29	2025
996	nv	AY.71	5.5557	a55	11/29/2025	11	29	2025
997	nv	AY.75	5.5557	a55	11/29/2025	11	29	2025
998	nv	AY.75.2	5.5557	a55	11/29/2025	11	29	2025
999	nv	AY.77	3.0478	a55	11/29/2025	11	29	2025
1000	nv	AY.80	3.0478	a55	11/29/2025	11	29	2025
1001	nv	AY.98	3.0478	a55	11/29/2025	11	29	2025
1002	nv	B.1.617.2	10.3773	a55	11/29/2025	11	29	2025
1003	oh	AY.111	3.0478	a56	11/29/2025	11	29	2025
1004	oh	AY.119	3.0478	a56	11/29/2025	11	29	2025
1005	oh	AY.119.2	3.0478	a56	11/29/2025	11	29	2025
1006	oh	AY.124	3.0478	a56	11/29/2025	11	29	2025
1007	oh	AY.127	3.0478	a56	11/29/2025	11	29	2025
1008	oh	AY.26	5.5557	a56	11/29/2025	11	29	2025
1009	oh	AY.33	3.0478	a56	11/29/2025	11	29	2025
1010	oh	AY.38	5.5557	a56	11/29/2025	11	29	2025
1011	oh	AY.4	3.0478	a56	11/29/2025	11	29	2025
1012	oh	AY.4.3	3.0478	a56	11/29/2025	11	29	2025
1013	oh	AY.44	3.0478	a56	11/29/2025	11	29	2025
1014	oh	AY.45	3.0478	a56	11/29/2025	11	29	2025
1015	oh	AY.58	5.5557	a56	11/29/2025	11	29	2025
1016	oh	AY.59	5.5557	a56	11/29/2025	11	29	2025
1017	oh	AY.61	5.5557	a56	11/29/2025	11	29	2025
1018	oh	AY.67	5.5557	a56	11/29/2025	11	29	2025
1019	oh	AY.71	5.5557	a56	11/29/2025	11	29	2025
1020	oh	AY.75	5.5557	a56	11/29/2025	11	29	2025
1021	oh	AY.75.2	5.5557	a56	11/29/2025	11	29	2025
1022	oh	AY.77	3.0478	a56	11/29/2025	11	29	2025
1023	oh	AY.80	3.0478	a56	11/29/2025	11	29	2025
1024	oh	AY.98	3.0478	a56	11/29/2025	11	29	2025
1025	oh	B.1.617.2	10.3773	a56	11/29/2025	11	29	2025
1026	oh	AY.111	3.0478	a78	12/6/2025	12	6	2025
1027	oh	AY.119	3.0478	a78	12/6/2025	12	6	2025
1028	oh	AY.119.2	3.0478	a78	12/6/2025	12	6	2025
1029	oh	AY.124	3.0478	a78	12/6/2025	12	6	2025
1030	oh	AY.127	3.0478	a78	12/6/2025	12	6	2025
1031	oh	AY.26	5.5557	a78	12/6/2025	12	6	2025
1032	oh	AY.33	3.0478	a78	12/6/2025	12	6	2025
1033	oh	AY.38	5.5557	a78	12/6/2025	12	6	2025
1034	oh	AY.4	3.0478	a78	12/6/2025	12	6	2025
1035	oh	AY.4.3	3.0478	a78	12/6/2025	12	6	2025
1036	oh	AY.44	3.0478	a78	12/6/2025	12	6	2025
1037	oh	AY.45	3.0478	a78	12/6/2025	12	6	2025
1038	oh	AY.58	5.5557	a78	12/6/2025	12	6	2025
1039	oh	AY.59	5.5557	a78	12/6/2025	12	6	2025
1040	oh	AY.61	5.5557	a78	12/6/2025	12	6	2025
1041	oh	AY.67	5.5557	a78	12/6/2025	12	6	2025
1042	oh	AY.71	5.5557	a78	12/6/2025	12	6	2025
1043	oh	AY.75	5.5557	a78	12/6/2025	12	6	2025
1044	oh	AY.75.2	5.5557	a78	12/6/2025	12	6	2025
1045	oh	AY.77	3.0478	a78	12/6/2025	12	6	2025
1046	oh	AY.80	3.0478	a78	12/6/2025	12	6	2025
1047	oh	AY.98	3.0478	a78	12/6/2025	12	6	2025
1048	oh	B.1.617.2	10.3773	a78	12/6/2025	12	6	2025
1049	ok	AY.111	3.0478	a57	11/29/2025	11	29	2025
1050	ok	AY.119	3.0478	a57	11/29/2025	11	29	2025
1051	ok	AY.119.2	3.0478	a57	11/29/2025	11	29	2025
1052	ok	AY.124	3.0478	a57	11/29/2025	11	29	2025
1053	ok	AY.127	3.0478	a57	11/29/2025	11	29	2025
1054	ok	AY.26	5.5557	a57	11/29/2025	11	29	2025
1055	ok	AY.33	3.0478	a57	11/29/2025	11	29	2025
1056	ok	AY.38	5.5557	a57	11/29/2025	11	29	2025
1057	ok	AY.4	3.0478	a57	11/29/2025	11	29	2025
1058	ok	AY.4.3	3.0478	a57	11/29/2025	11	29	2025
1059	ok	AY.44	3.0478	a57	11/29/2025	11	29	2025
1060	ok	AY.45	3.0478	a57	11/29/2025	11	29	2025
1061	ok	AY.58	5.5557	a57	11/29/2025	11	29	2025
1062	ok	AY.59	5.5557	a57	11/29/2025	11	29	2025
1063	ok	AY.61	5.5557	a57	11/29/2025	11	29	2025
1064	ok	AY.67	5.5557	a57	11/29/2025	11	29	2025
1065	ok	AY.71	5.5557	a57	11/29/2025	11	29	2025
1066	ok	AY.75	5.5557	a57	11/29/2025	11	29	2025
1067	ok	AY.75.2	5.5557	a57	11/29/2025	11	29	2025
1068	ok	AY.77	3.0478	a57	11/29/2025	11	29	2025
1069	ok	AY.80	3.0478	a57	11/29/2025	11	29	2025
1070	ok	AY.98	3.0478	a57	11/29/2025	11	29	2025
1071	ok	B.1.617.2	10.3773	a57	11/29/2025	11	29	2025
1072	or	AY.1	9.4383	a1	11/15/2025	11	15	2025
1073	or	AY.106	9.4383	a1	11/15/2025	11	15	2025
1074	or	AY.38	0.4657	a1	11/15/2025	11	15	2025
1075	or	AY.39	9.4383	a1	11/15/2025	11	15	2025
1076	or	AY.44	9.4383	a1	11/15/2025	11	15	2025
1077	or	AY.47	59.4513	a1	11/15/2025	11	15	2025
1078	or	AY.57	0.9328	a1	11/15/2025	11	15	2025
1079	or	AY.58	0.4657	a1	11/15/2025	11	15	2025
1080	or	AY.75	0.4657	a1	11/15/2025	11	15	2025
1081	or	AY.9	0.4656	a1	11/15/2025	11	15	2025
1082	or	AY.111	3.0478	a23	11/22/2025	11	22	2025
1083	or	AY.119	3.0478	a23	11/22/2025	11	22	2025
1084	or	AY.119.2	3.0478	a23	11/22/2025	11	22	2025
1085	or	AY.124	3.0478	a23	11/22/2025	11	22	2025
1086	or	AY.127	3.0478	a23	11/22/2025	11	22	2025
1087	or	AY.26	5.5557	a23	11/22/2025	11	22	2025
1088	or	AY.33	3.0478	a23	11/22/2025	11	22	2025
1089	or	AY.38	5.5557	a23	11/22/2025	11	22	2025
1090	or	AY.4	3.0478	a23	11/22/2025	11	22	2025
1091	or	AY.4.3	3.0478	a23	11/22/2025	11	22	2025
1092	or	AY.44	3.0478	a23	11/22/2025	11	22	2025
1093	or	AY.45	3.0478	a23	11/22/2025	11	22	2025
1094	or	AY.58	5.5557	a23	11/22/2025	11	22	2025
1095	or	AY.59	5.5557	a23	11/22/2025	11	22	2025
1096	or	AY.61	5.5557	a23	11/22/2025	11	22	2025
1097	or	AY.67	5.5557	a23	11/22/2025	11	22	2025
1098	or	AY.71	5.5557	a23	11/22/2025	11	22	2025
1099	or	AY.75	5.5557	a23	11/22/2025	11	22	2025
1100	or	AY.75.2	5.5557	a23	11/22/2025	11	22	2025
1101	or	AY.77	3.0478	a23	11/22/2025	11	22	2025
1102	or	AY.80	3.0478	a23	11/22/2025	11	22	2025
1103	or	AY.98	3.0478	a23	11/22/2025	11	22	2025
1104	or	B.1.617.2	10.3773	a23	11/22/2025	11	22	2025
1105	or	AY.111	3.0478	a58	11/29/2025	11	29	2025
1106	or	AY.119	3.0478	a58	11/29/2025	11	29	2025
1107	or	AY.119.2	3.0478	a58	11/29/2025	11	29	2025
1108	or	AY.124	3.0478	a58	11/29/2025	11	29	2025
1109	or	AY.127	3.0478	a58	11/29/2025	11	29	2025
1110	or	AY.26	5.5557	a58	11/29/2025	11	29	2025
1111	or	AY.33	3.0478	a58	11/29/2025	11	29	2025
1112	or	AY.38	5.5557	a58	11/29/2025	11	29	2025
1113	or	AY.4	3.0478	a58	11/29/2025	11	29	2025
1114	or	AY.4.3	3.0478	a58	11/29/2025	11	29	2025
1115	or	AY.44	3.0478	a58	11/29/2025	11	29	2025
1116	or	AY.45	3.0478	a58	11/29/2025	11	29	2025
1117	or	AY.58	5.5557	a58	11/29/2025	11	29	2025
1118	or	AY.59	5.5557	a58	11/29/2025	11	29	2025
1119	or	AY.61	5.5557	a58	11/29/2025	11	29	2025
1120	or	AY.67	5.5557	a58	11/29/2025	11	29	2025
1121	or	AY.71	5.5557	a58	11/29/2025	11	29	2025
1122	or	AY.75	5.5557	a58	11/29/2025	11	29	2025
1123	or	AY.75.2	5.5557	a58	11/29/2025	11	29	2025
1124	or	AY.77	3.0478	a58	11/29/2025	11	29	2025
1125	or	AY.80	3.0478	a58	11/29/2025	11	29	2025
1126	or	AY.98	3.0478	a58	11/29/2025	11	29	2025
1127	or	B.1.617.2	10.3773	a58	11/29/2025	11	29	2025
1128	pa	AY.111	3.0478	a24	11/22/2025	11	22	2025
1129	pa	AY.119	3.0478	a24	11/22/2025	11	22	2025
1130	pa	AY.119.2	3.0478	a24	11/22/2025	11	22	2025
1131	pa	AY.124	3.0478	a24	11/22/2025	11	22	2025
1132	pa	AY.127	3.0478	a24	11/22/2025	11	22	2025
1133	pa	AY.26	5.5557	a24	11/22/2025	11	22	2025
1134	pa	AY.33	3.0478	a24	11/22/2025	11	22	2025
1135	pa	AY.38	5.5557	a24	11/22/2025	11	22	2025
1136	pa	AY.4	3.0478	a24	11/22/2025	11	22	2025
1137	pa	AY.4.3	3.0478	a24	11/22/2025	11	22	2025
1138	pa	AY.44	3.0478	a24	11/22/2025	11	22	2025
1139	pa	AY.45	3.0478	a24	11/22/2025	11	22	2025
1140	pa	AY.58	5.5557	a24	11/22/2025	11	22	2025
1141	pa	AY.59	5.5557	a24	11/22/2025	11	22	2025
1142	pa	AY.61	5.5557	a24	11/22/2025	11	22	2025
1143	pa	AY.67	5.5557	a24	11/22/2025	11	22	2025
1144	pa	AY.71	5.5557	a24	11/22/2025	11	22	2025
1145	pa	AY.75	5.5557	a24	11/22/2025	11	22	2025
1146	pa	AY.75.2	5.5557	a24	11/22/2025	11	22	2025
1147	pa	AY.77	3.0478	a24	11/22/2025	11	22	2025
1148	pa	AY.80	3.0478	a24	11/22/2025	11	22	2025
1149	pa	AY.98	3.0478	a24	11/22/2025	11	22	2025
1150	pa	B.1.617.2	10.3773	a24	11/22/2025	11	22	2025
1151	pa	AY.111	3.0478	a59	11/29/2025	11	29	2025
1152	pa	AY.119	3.0478	a59	11/29/2025	11	29	2025
1153	pa	AY.119.2	3.0478	a59	11/29/2025	11	29	2025
1154	pa	AY.124	3.0478	a59	11/29/2025	11	29	2025
1155	pa	AY.127	3.0478	a59	11/29/2025	11	29	2025
1156	pa	AY.26	5.5557	a59	11/29/2025	11	29	2025
1157	pa	AY.33	3.0478	a59	11/29/2025	11	29	2025
1158	pa	AY.38	5.5557	a59	11/29/2025	11	29	2025
1159	pa	AY.4	3.0478	a59	11/29/2025	11	29	2025
1160	pa	AY.4.3	3.0478	a59	11/29/2025	11	29	2025
1161	pa	AY.44	3.0478	a59	11/29/2025	11	29	2025
1162	pa	AY.45	3.0478	a59	11/29/2025	11	29	2025
1163	pa	AY.58	5.5557	a59	11/29/2025	11	29	2025
1164	pa	AY.59	5.5557	a59	11/29/2025	11	29	2025
1165	pa	AY.61	5.5557	a59	11/29/2025	11	29	2025
1166	pa	AY.67	5.5557	a59	11/29/2025	11	29	2025
1167	pa	AY.71	5.5557	a59	11/29/2025	11	29	2025
1168	pa	AY.75	5.5557	a59	11/29/2025	11	29	2025
1169	pa	AY.75.2	5.5557	a59	11/29/2025	11	29	2025
1170	pa	AY.77	3.0478	a59	11/29/2025	11	29	2025
1171	pa	AY.80	3.0478	a59	11/29/2025	11	29	2025
1172	pa	AY.98	3.0478	a59	11/29/2025	11	29	2025
1173	pa	B.1.617.2	10.3773	a59	11/29/2025	11	29	2025
1174	pa	AY.111	3.0478	a79	12/6/2025	12	6	2025
1175	pa	AY.119	3.0478	a79	12/6/2025	12	6	2025
1176	pa	AY.119.2	3.0478	a79	12/6/2025	12	6	2025
1177	pa	AY.124	3.0478	a79	12/6/2025	12	6	2025
1178	pa	AY.127	3.0478	a79	12/6/2025	12	6	2025
1179	pa	AY.26	5.5557	a79	12/6/2025	12	6	2025
1180	pa	AY.33	3.0478	a79	12/6/2025	12	6	2025
1181	pa	AY.38	5.5557	a79	12/6/2025	12	6	2025
1182	pa	AY.4	3.0478	a79	12/6/2025	12	6	2025
1183	pa	AY.4.3	3.0478	a79	12/6/2025	12	6	2025
1184	pa	AY.44	3.0478	a79	12/6/2025	12	6	2025
1185	pa	AY.45	3.0478	a79	12/6/2025	12	6	2025
1186	pa	AY.58	5.5557	a79	12/6/2025	12	6	2025
1187	pa	AY.59	5.5557	a79	12/6/2025	12	6	2025
1188	pa	AY.61	5.5557	a79	12/6/2025	12	6	2025
1189	pa	AY.67	5.5557	a79	12/6/2025	12	6	2025
1190	pa	AY.71	5.5557	a79	12/6/2025	12	6	2025
1191	pa	AY.75	5.5557	a79	12/6/2025	12	6	2025
1192	pa	AY.75.2	5.5557	a79	12/6/2025	12	6	2025
1193	pa	AY.77	3.0478	a79	12/6/2025	12	6	2025
1194	pa	AY.80	3.0478	a79	12/6/2025	12	6	2025
1195	pa	AY.98	3.0478	a79	12/6/2025	12	6	2025
1196	pa	B.1.617.2	10.3773	a79	12/6/2025	12	6	2025
1197	ri	AY.118	0.3143	a2	11/15/2025	11	15	2025
1198	ri	AY.122	0.4109	a2	11/15/2025	11	15	2025
1199	ri	AY.34	0.1804	a2	11/15/2025	11	15	2025
1200	ri	AY.47	98.8622	a2	11/15/2025	11	15	2025
1201	ri	AY.57	0.1103	a2	11/15/2025	11	15	2025
1202	ri	AY.62	0.1219	a2	11/15/2025	11	15	2025
1203	ri	AY.111	3.0478	a25	11/22/2025	11	22	2025
1204	ri	AY.119	3.0478	a25	11/22/2025	11	22	2025
1205	ri	AY.119.2	3.0478	a25	11/22/2025	11	22	2025
1206	ri	AY.124	3.0478	a25	11/22/2025	11	22	2025
1207	ri	AY.127	3.0478	a25	11/22/2025	11	22	2025
1208	ri	AY.26	5.5557	a25	11/22/2025	11	22	2025
1209	ri	AY.33	3.0478	a25	11/22/2025	11	22	2025
1210	ri	AY.38	5.5557	a25	11/22/2025	11	22	2025
1211	ri	AY.4	3.0478	a25	11/22/2025	11	22	2025
1212	ri	AY.4.3	3.0478	a25	11/22/2025	11	22	2025
1213	ri	AY.44	3.0478	a25	11/22/2025	11	22	2025
1214	ri	AY.45	3.0478	a25	11/22/2025	11	22	2025
1215	ri	AY.58	5.5557	a25	11/22/2025	11	22	2025
1216	ri	AY.59	5.5557	a25	11/22/2025	11	22	2025
1217	ri	AY.61	5.5557	a25	11/22/2025	11	22	2025
1218	ri	AY.67	5.5557	a25	11/22/2025	11	22	2025
1219	ri	AY.71	5.5557	a25	11/22/2025	11	22	2025
1220	ri	AY.75	5.5557	a25	11/22/2025	11	22	2025
1221	ri	AY.75.2	5.5557	a25	11/22/2025	11	22	2025
1222	ri	AY.77	3.0478	a25	11/22/2025	11	22	2025
1223	ri	AY.80	3.0478	a25	11/22/2025	11	22	2025
1224	ri	AY.98	3.0478	a25	11/22/2025	11	22	2025
1225	ri	B.1.617.2	10.3773	a25	11/22/2025	11	22	2025
1226	ri	AY.111	3.0478	a60	11/29/2025	11	29	2025
1227	ri	AY.119	3.0478	a60	11/29/2025	11	29	2025
1228	ri	AY.119.2	3.0478	a60	11/29/2025	11	29	2025
1229	ri	AY.124	3.0478	a60	11/29/2025	11	29	2025
1230	ri	AY.127	3.0478	a60	11/29/2025	11	29	2025
1231	ri	AY.26	5.5557	a60	11/29/2025	11	29	2025
1232	ri	AY.33	3.0478	a60	11/29/2025	11	29	2025
1233	ri	AY.38	5.5557	a60	11/29/2025	11	29	2025
1234	ri	AY.4	3.0478	a60	11/29/2025	11	29	2025
1235	ri	AY.4.3	3.0478	a60	11/29/2025	11	29	2025
1236	ri	AY.44	3.0478	a60	11/29/2025	11	29	2025
1237	ri	AY.45	3.0478	a60	11/29/2025	11	29	2025
1238	ri	AY.58	5.5557	a60	11/29/2025	11	29	2025
1239	ri	AY.59	5.5557	a60	11/29/2025	11	29	2025
1240	ri	AY.61	5.5557	a60	11/29/2025	11	29	2025
1241	ri	AY.67	5.5557	a60	11/29/2025	11	29	2025
1242	ri	AY.71	5.5557	a60	11/29/2025	11	29	2025
1243	ri	AY.75	5.5557	a60	11/29/2025	11	29	2025
1244	ri	AY.75.2	5.5557	a60	11/29/2025	11	29	2025
1245	ri	AY.77	3.0478	a60	11/29/2025	11	29	2025
1246	ri	AY.80	3.0478	a60	11/29/2025	11	29	2025
1247	ri	AY.98	3.0478	a60	11/29/2025	11	29	2025
1248	ri	B.1.617.2	10.3773	a60	11/29/2025	11	29	2025
1249	ri	AY.111	3.0478	a80	12/6/2025	12	6	2025
1250	ri	AY.119	3.0478	a80	12/6/2025	12	6	2025
1251	ri	AY.119.2	3.0478	a80	12/6/2025	12	6	2025
1252	ri	AY.124	3.0478	a80	12/6/2025	12	6	2025
1253	ri	AY.127	3.0478	a80	12/6/2025	12	6	2025
1254	ri	AY.26	5.5557	a80	12/6/2025	12	6	2025
1255	ri	AY.33	3.0478	a80	12/6/2025	12	6	2025
1256	ri	AY.38	5.5557	a80	12/6/2025	12	6	2025
1257	ri	AY.4	3.0478	a80	12/6/2025	12	6	2025
1258	ri	AY.4.3	3.0478	a80	12/6/2025	12	6	2025
1259	ri	AY.44	3.0478	a80	12/6/2025	12	6	2025
1260	ri	AY.45	3.0478	a80	12/6/2025	12	6	2025
1261	ri	AY.58	5.5557	a80	12/6/2025	12	6	2025
1262	ri	AY.59	5.5557	a80	12/6/2025	12	6	2025
1263	ri	AY.61	5.5557	a80	12/6/2025	12	6	2025
1264	ri	AY.67	5.5557	a80	12/6/2025	12	6	2025
1265	ri	AY.71	5.5557	a80	12/6/2025	12	6	2025
1266	ri	AY.75	5.5557	a80	12/6/2025	12	6	2025
1267	ri	AY.75.2	5.5557	a80	12/6/2025	12	6	2025
1268	ri	AY.77	3.0478	a80	12/6/2025	12	6	2025
1269	ri	AY.80	3.0478	a80	12/6/2025	12	6	2025
1270	ri	AY.98	3.0478	a80	12/6/2025	12	6	2025
1271	ri	B.1.617.2	10.3773	a80	12/6/2025	12	6	2025
1272	sc	AY.111	3.0478	a26	11/22/2025	11	22	2025
1273	sc	AY.119	3.0478	a26	11/22/2025	11	22	2025
1274	sc	AY.119.2	3.0478	a26	11/22/2025	11	22	2025
1275	sc	AY.124	3.0478	a26	11/22/2025	11	22	2025
1276	sc	AY.127	3.0478	a26	11/22/2025	11	22	2025
1277	sc	AY.26	5.5557	a26	11/22/2025	11	22	2025
1278	sc	AY.33	3.0478	a26	11/22/2025	11	22	2025
1279	sc	AY.38	5.5557	a26	11/22/2025	11	22	2025
1280	sc	AY.4	3.0478	a26	11/22/2025	11	22	2025
1281	sc	AY.4.3	3.0478	a26	11/22/2025	11	22	2025
1282	sc	AY.44	3.0478	a26	11/22/2025	11	22	2025
1283	sc	AY.45	3.0478	a26	11/22/2025	11	22	2025
1284	sc	AY.58	5.5557	a26	11/22/2025	11	22	2025
1285	sc	AY.59	5.5557	a26	11/22/2025	11	22	2025
1286	sc	AY.61	5.5557	a26	11/22/2025	11	22	2025
1287	sc	AY.67	5.5557	a26	11/22/2025	11	22	2025
1288	sc	AY.71	5.5557	a26	11/22/2025	11	22	2025
1289	sc	AY.75	5.5557	a26	11/22/2025	11	22	2025
1290	sc	AY.75.2	5.5557	a26	11/22/2025	11	22	2025
1291	sc	AY.77	3.0478	a26	11/22/2025	11	22	2025
1292	sc	AY.80	3.0478	a26	11/22/2025	11	22	2025
1293	sc	AY.98	3.0478	a26	11/22/2025	11	22	2025
1294	sc	B.1.617.2	10.3773	a26	11/22/2025	11	22	2025
1295	sd	AY.111	3.0478	a61	11/29/2025	11	29	2025
1296	sd	AY.119	3.0478	a61	11/29/2025	11	29	2025
1297	sd	AY.119.2	3.0478	a61	11/29/2025	11	29	2025
1298	sd	AY.124	3.0478	a61	11/29/2025	11	29	2025
1299	sd	AY.127	3.0478	a61	11/29/2025	11	29	2025
1300	sd	AY.26	5.5557	a61	11/29/2025	11	29	2025
1301	sd	AY.33	3.0478	a61	11/29/2025	11	29	2025
1302	sd	AY.38	5.5557	a61	11/29/2025	11	29	2025
1303	sd	AY.4	3.0478	a61	11/29/2025	11	29	2025
1304	sd	AY.4.3	3.0478	a61	11/29/2025	11	29	2025
1305	sd	AY.44	3.0478	a61	11/29/2025	11	29	2025
1306	sd	AY.45	3.0478	a61	11/29/2025	11	29	2025
1307	sd	AY.58	5.5557	a61	11/29/2025	11	29	2025
1308	sd	AY.59	5.5557	a61	11/29/2025	11	29	2025
1309	sd	AY.61	5.5557	a61	11/29/2025	11	29	2025
1310	sd	AY.67	5.5557	a61	11/29/2025	11	29	2025
1311	sd	AY.71	5.5557	a61	11/29/2025	11	29	2025
1312	sd	AY.75	5.5557	a61	11/29/2025	11	29	2025
1313	sd	AY.75.2	5.5557	a61	11/29/2025	11	29	2025
1314	sd	AY.77	3.0478	a61	11/29/2025	11	29	2025
1315	sd	AY.80	3.0478	a61	11/29/2025	11	29	2025
1316	sd	AY.98	3.0478	a61	11/29/2025	11	29	2025
1317	sd	B.1.617.2	10.3773	a61	11/29/2025	11	29	2025
1318	tx	AY.111	3.0478	a27	11/22/2025	11	22	2025
1319	tx	AY.119	3.0478	a27	11/22/2025	11	22	2025
1320	tx	AY.119.2	3.0478	a27	11/22/2025	11	22	2025
1321	tx	AY.124	3.0478	a27	11/22/2025	11	22	2025
1322	tx	AY.127	3.0478	a27	11/22/2025	11	22	2025
1323	tx	AY.26	5.5557	a27	11/22/2025	11	22	2025
1324	tx	AY.33	3.0478	a27	11/22/2025	11	22	2025
1325	tx	AY.38	5.5557	a27	11/22/2025	11	22	2025
1326	tx	AY.4	3.0478	a27	11/22/2025	11	22	2025
1327	tx	AY.4.3	3.0478	a27	11/22/2025	11	22	2025
1328	tx	AY.44	3.0478	a27	11/22/2025	11	22	2025
1329	tx	AY.45	3.0478	a27	11/22/2025	11	22	2025
1330	tx	AY.58	5.5557	a27	11/22/2025	11	22	2025
1331	tx	AY.59	5.5557	a27	11/22/2025	11	22	2025
1332	tx	AY.61	5.5557	a27	11/22/2025	11	22	2025
1333	tx	AY.67	5.5557	a27	11/22/2025	11	22	2025
1334	tx	AY.71	5.5557	a27	11/22/2025	11	22	2025
1335	tx	AY.75	5.5557	a27	11/22/2025	11	22	2025
1336	tx	AY.75.2	5.5557	a27	11/22/2025	11	22	2025
1337	tx	AY.77	3.0478	a27	11/22/2025	11	22	2025
1338	tx	AY.80	3.0478	a27	11/22/2025	11	22	2025
1339	tx	AY.98	3.0478	a27	11/22/2025	11	22	2025
1340	tx	B.1.617.2	10.3773	a27	11/22/2025	11	22	2025
1341	tx	AY.111	3.0478	a62	11/29/2025	11	29	2025
1342	tx	AY.119	3.0478	a62	11/29/2025	11	29	2025
1343	tx	AY.119.2	3.0478	a62	11/29/2025	11	29	2025
1344	tx	AY.124	3.0478	a62	11/29/2025	11	29	2025
1345	tx	AY.127	3.0478	a62	11/29/2025	11	29	2025
1346	tx	AY.26	5.5557	a62	11/29/2025	11	29	2025
1347	tx	AY.33	3.0478	a62	11/29/2025	11	29	2025
1348	tx	AY.38	5.5557	a62	11/29/2025	11	29	2025
1349	tx	AY.4	3.0478	a62	11/29/2025	11	29	2025
1350	tx	AY.4.3	3.0478	a62	11/29/2025	11	29	2025
1351	tx	AY.44	3.0478	a62	11/29/2025	11	29	2025
1352	tx	AY.45	3.0478	a62	11/29/2025	11	29	2025
1353	tx	AY.58	5.5557	a62	11/29/2025	11	29	2025
1354	tx	AY.59	5.5557	a62	11/29/2025	11	29	2025
1355	tx	AY.61	5.5557	a62	11/29/2025	11	29	2025
1356	tx	AY.67	5.5557	a62	11/29/2025	11	29	2025
1357	tx	AY.71	5.5557	a62	11/29/2025	11	29	2025
1358	tx	AY.75	5.5557	a62	11/29/2025	11	29	2025
1359	tx	AY.75.2	5.5557	a62	11/29/2025	11	29	2025
1360	tx	AY.77	3.0478	a62	11/29/2025	11	29	2025
1361	tx	AY.80	3.0478	a62	11/29/2025	11	29	2025
1362	tx	AY.98	3.0478	a62	11/29/2025	11	29	2025
1363	tx	B.1.617.2	10.3773	a62	11/29/2025	11	29	2025
1364	tx	AY.111	3.0478	a81	12/6/2025	12	6	2025
1365	tx	AY.119	3.0478	a81	12/6/2025	12	6	2025
1366	tx	AY.119.2	3.0478	a81	12/6/2025	12	6	2025
1367	tx	AY.124	3.0478	a81	12/6/2025	12	6	2025
1368	tx	AY.127	3.0478	a81	12/6/2025	12	6	2025
1369	tx	AY.26	5.5557	a81	12/6/2025	12	6	2025
1370	tx	AY.33	3.0478	a81	12/6/2025	12	6	2025
1371	tx	AY.38	5.5557	a81	12/6/2025	12	6	2025
1372	tx	AY.4	3.0478	a81	12/6/2025	12	6	2025
1373	tx	AY.4.3	3.0478	a81	12/6/2025	12	6	2025
1374	tx	AY.44	3.0478	a81	12/6/2025	12	6	2025
1375	tx	AY.45	3.0478	a81	12/6/2025	12	6	2025
1376	tx	AY.58	5.5557	a81	12/6/2025	12	6	2025
1377	tx	AY.59	5.5557	a81	12/6/2025	12	6	2025
1378	tx	AY.61	5.5557	a81	12/6/2025	12	6	2025
1379	tx	AY.67	5.5557	a81	12/6/2025	12	6	2025
1380	tx	AY.71	5.5557	a81	12/6/2025	12	6	2025
1381	tx	AY.75	5.5557	a81	12/6/2025	12	6	2025
1382	tx	AY.75.2	5.5557	a81	12/6/2025	12	6	2025
1383	tx	AY.77	3.0478	a81	12/6/2025	12	6	2025
1384	tx	AY.80	3.0478	a81	12/6/2025	12	6	2025
1385	tx	AY.98	3.0478	a81	12/6/2025	12	6	2025
1386	tx	B.1.617.2	10.3773	a81	12/6/2025	12	6	2025
1387	ut	AY.111	3.0478	a28	11/22/2025	11	22	2025
1388	ut	AY.119	3.0478	a28	11/22/2025	11	22	2025
1389	ut	AY.119.2	3.0478	a28	11/22/2025	11	22	2025
1390	ut	AY.124	3.0478	a28	11/22/2025	11	22	2025
1391	ut	AY.127	3.0478	a28	11/22/2025	11	22	2025
1392	ut	AY.26	5.5557	a28	11/22/2025	11	22	2025
1393	ut	AY.33	3.0478	a28	11/22/2025	11	22	2025
1394	ut	AY.38	5.5557	a28	11/22/2025	11	22	2025
1395	ut	AY.4	3.0478	a28	11/22/2025	11	22	2025
1396	ut	AY.4.3	3.0478	a28	11/22/2025	11	22	2025
1397	ut	AY.44	3.0478	a28	11/22/2025	11	22	2025
1398	ut	AY.45	3.0478	a28	11/22/2025	11	22	2025
1399	ut	AY.58	5.5557	a28	11/22/2025	11	22	2025
1400	ut	AY.59	5.5557	a28	11/22/2025	11	22	2025
1401	ut	AY.61	5.5557	a28	11/22/2025	11	22	2025
1402	ut	AY.67	5.5557	a28	11/22/2025	11	22	2025
1403	ut	AY.71	5.5557	a28	11/22/2025	11	22	2025
1404	ut	AY.75	5.5557	a28	11/22/2025	11	22	2025
1405	ut	AY.75.2	5.5557	a28	11/22/2025	11	22	2025
1406	ut	AY.77	3.0478	a28	11/22/2025	11	22	2025
1407	ut	AY.80	3.0478	a28	11/22/2025	11	22	2025
1408	ut	AY.98	3.0478	a28	11/22/2025	11	22	2025
1409	ut	B.1.617.2	10.3773	a28	11/22/2025	11	22	2025
1410	ut	AY.111	3.0478	a63	11/29/2025	11	29	2025
1411	ut	AY.119	3.0478	a63	11/29/2025	11	29	2025
1412	ut	AY.119.2	3.0478	a63	11/29/2025	11	29	2025
1413	ut	AY.124	3.0478	a63	11/29/2025	11	29	2025
1414	ut	AY.127	3.0478	a63	11/29/2025	11	29	2025
1415	ut	AY.26	5.5557	a63	11/29/2025	11	29	2025
1416	ut	AY.33	3.0478	a63	11/29/2025	11	29	2025
1417	ut	AY.38	5.5557	a63	11/29/2025	11	29	2025
1418	ut	AY.4	3.0478	a63	11/29/2025	11	29	2025
1419	ut	AY.4.3	3.0478	a63	11/29/2025	11	29	2025
1420	ut	AY.44	3.0478	a63	11/29/2025	11	29	2025
1421	ut	AY.45	3.0478	a63	11/29/2025	11	29	2025
1422	ut	AY.58	5.5557	a63	11/29/2025	11	29	2025
1423	ut	AY.59	5.5557	a63	11/29/2025	11	29	2025
1424	ut	AY.61	5.5557	a63	11/29/2025	11	29	2025
1425	ut	AY.67	5.5557	a63	11/29/2025	11	29	2025
1426	ut	AY.71	5.5557	a63	11/29/2025	11	29	2025
1427	ut	AY.75	5.5557	a63	11/29/2025	11	29	2025
1428	ut	AY.75.2	5.5557	a63	11/29/2025	11	29	2025
1429	ut	AY.77	3.0478	a63	11/29/2025	11	29	2025
1430	ut	AY.80	3.0478	a63	11/29/2025	11	29	2025
1431	ut	AY.98	3.0478	a63	11/29/2025	11	29	2025
1432	ut	B.1.617.2	10.3773	a63	11/29/2025	11	29	2025
1433	ut	AY.111	3.0478	a82	12/6/2025	12	6	2025
1434	ut	AY.119	3.0478	a82	12/6/2025	12	6	2025
1435	ut	AY.119.2	3.0478	a82	12/6/2025	12	6	2025
1436	ut	AY.124	3.0478	a82	12/6/2025	12	6	2025
1437	ut	AY.127	3.0478	a82	12/6/2025	12	6	2025
1438	ut	AY.26	5.5557	a82	12/6/2025	12	6	2025
1439	ut	AY.33	3.0478	a82	12/6/2025	12	6	2025
1440	ut	AY.38	5.5557	a82	12/6/2025	12	6	2025
1441	ut	AY.4	3.0478	a82	12/6/2025	12	6	2025
1442	ut	AY.4.3	3.0478	a82	12/6/2025	12	6	2025
1443	ut	AY.44	3.0478	a82	12/6/2025	12	6	2025
1444	ut	AY.45	3.0478	a82	12/6/2025	12	6	2025
1445	ut	AY.58	5.5557	a82	12/6/2025	12	6	2025
1446	ut	AY.59	5.5557	a82	12/6/2025	12	6	2025
1447	ut	AY.61	5.5557	a82	12/6/2025	12	6	2025
1448	ut	AY.67	5.5557	a82	12/6/2025	12	6	2025
1449	ut	AY.71	5.5557	a82	12/6/2025	12	6	2025
1450	ut	AY.75	5.5557	a82	12/6/2025	12	6	2025
1451	ut	AY.75.2	5.5557	a82	12/6/2025	12	6	2025
1452	ut	AY.77	3.0478	a82	12/6/2025	12	6	2025
1453	ut	AY.80	3.0478	a82	12/6/2025	12	6	2025
1454	ut	AY.98	3.0478	a82	12/6/2025	12	6	2025
1455	ut	B.1.617.2	10.3773	a82	12/6/2025	12	6	2025
1456	va	AY.111	3.0478	a29	11/22/2025	11	22	2025
1457	va	AY.119	3.0478	a29	11/22/2025	11	22	2025
1458	va	AY.119.2	3.0478	a29	11/22/2025	11	22	2025
1459	va	AY.124	3.0478	a29	11/22/2025	11	22	2025
1460	va	AY.127	3.0478	a29	11/22/2025	11	22	2025
1461	va	AY.26	5.5557	a29	11/22/2025	11	22	2025
1462	va	AY.33	3.0478	a29	11/22/2025	11	22	2025
1463	va	AY.38	5.5557	a29	11/22/2025	11	22	2025
1464	va	AY.4	3.0478	a29	11/22/2025	11	22	2025
1465	va	AY.4.3	3.0478	a29	11/22/2025	11	22	2025
1466	va	AY.44	3.0478	a29	11/22/2025	11	22	2025
1467	va	AY.45	3.0478	a29	11/22/2025	11	22	2025
1468	va	AY.58	5.5557	a29	11/22/2025	11	22	2025
1469	va	AY.59	5.5557	a29	11/22/2025	11	22	2025
1470	va	AY.61	5.5557	a29	11/22/2025	11	22	2025
1471	va	AY.67	5.5557	a29	11/22/2025	11	22	2025
1472	va	AY.71	5.5557	a29	11/22/2025	11	22	2025
1473	va	AY.75	5.5557	a29	11/22/2025	11	22	2025
1474	va	AY.75.2	5.5557	a29	11/22/2025	11	22	2025
1475	va	AY.77	3.0478	a29	11/22/2025	11	22	2025
1476	va	AY.80	3.0478	a29	11/22/2025	11	22	2025
1477	va	AY.98	3.0478	a29	11/22/2025	11	22	2025
1478	va	B.1.617.2	10.3773	a29	11/22/2025	11	22	2025
1479	va	AY.111	3.0478	a64	11/29/2025	11	29	2025
1480	va	AY.119	3.0478	a64	11/29/2025	11	29	2025
1481	va	AY.119.2	3.0478	a64	11/29/2025	11	29	2025
1482	va	AY.124	3.0478	a64	11/29/2025	11	29	2025
1483	va	AY.127	3.0478	a64	11/29/2025	11	29	2025
1484	va	AY.26	5.5557	a64	11/29/2025	11	29	2025
1485	va	AY.33	3.0478	a64	11/29/2025	11	29	2025
1486	va	AY.38	5.5557	a64	11/29/2025	11	29	2025
1487	va	AY.4	3.0478	a64	11/29/2025	11	29	2025
1488	va	AY.4.3	3.0478	a64	11/29/2025	11	29	2025
1489	va	AY.44	3.0478	a64	11/29/2025	11	29	2025
1490	va	AY.45	3.0478	a64	11/29/2025	11	29	2025
1491	va	AY.58	5.5557	a64	11/29/2025	11	29	2025
1492	va	AY.59	5.5557	a64	11/29/2025	11	29	2025
1493	va	AY.61	5.5557	a64	11/29/2025	11	29	2025
1494	va	AY.67	5.5557	a64	11/29/2025	11	29	2025
1495	va	AY.71	5.5557	a64	11/29/2025	11	29	2025
1496	va	AY.75	5.5557	a64	11/29/2025	11	29	2025
1497	va	AY.75.2	5.5557	a64	11/29/2025	11	29	2025
1498	va	AY.77	3.0478	a64	11/29/2025	11	29	2025
1499	va	AY.80	3.0478	a64	11/29/2025	11	29	2025
1500	va	AY.98	3.0478	a64	11/29/2025	11	29	2025
1501	va	B.1.617.2	10.3773	a64	11/29/2025	11	29	2025
1502	vt	AY.111	3.0478	a30	11/22/2025	11	22	2025
1503	vt	AY.119	3.0478	a30	11/22/2025	11	22	2025
1504	vt	AY.119.2	3.0478	a30	11/22/2025	11	22	2025
1505	vt	AY.124	3.0478	a30	11/22/2025	11	22	2025
1506	vt	AY.127	3.0478	a30	11/22/2025	11	22	2025
1507	vt	AY.26	5.5557	a30	11/22/2025	11	22	2025
1508	vt	AY.33	3.0478	a30	11/22/2025	11	22	2025
1509	vt	AY.38	5.5557	a30	11/22/2025	11	22	2025
1510	vt	AY.4	3.0478	a30	11/22/2025	11	22	2025
1511	vt	AY.4.3	3.0478	a30	11/22/2025	11	22	2025
1512	vt	AY.44	3.0478	a30	11/22/2025	11	22	2025
1513	vt	AY.45	3.0478	a30	11/22/2025	11	22	2025
1514	vt	AY.58	5.5557	a30	11/22/2025	11	22	2025
1515	vt	AY.59	5.5557	a30	11/22/2025	11	22	2025
1516	vt	AY.61	5.5557	a30	11/22/2025	11	22	2025
1517	vt	AY.67	5.5557	a30	11/22/2025	11	22	2025
1518	vt	AY.71	5.5557	a30	11/22/2025	11	22	2025
1519	vt	AY.75	5.5557	a30	11/22/2025	11	22	2025
1520	vt	AY.75.2	5.5557	a30	11/22/2025	11	22	2025
1521	vt	AY.77	3.0478	a30	11/22/2025	11	22	2025
1522	vt	AY.80	3.0478	a30	11/22/2025	11	22	2025
1523	vt	AY.98	3.0478	a30	11/22/2025	11	22	2025
1524	vt	B.1.617.2	10.3773	a30	11/22/2025	11	22	2025
1525	vt	AY.111	3.0478	a65	11/29/2025	11	29	2025
1526	vt	AY.119	3.0478	a65	11/29/2025	11	29	2025
1527	vt	AY.119.2	3.0478	a65	11/29/2025	11	29	2025
1528	vt	AY.124	3.0478	a65	11/29/2025	11	29	2025
1529	vt	AY.127	3.0478	a65	11/29/2025	11	29	2025
1530	vt	AY.26	5.5557	a65	11/29/2025	11	29	2025
1531	vt	AY.33	3.0478	a65	11/29/2025	11	29	2025
1532	vt	AY.38	5.5557	a65	11/29/2025	11	29	2025
1533	vt	AY.4	3.0478	a65	11/29/2025	11	29	2025
1534	vt	AY.4.3	3.0478	a65	11/29/2025	11	29	2025
1535	vt	AY.44	3.0478	a65	11/29/2025	11	29	2025
1536	vt	AY.45	3.0478	a65	11/29/2025	11	29	2025
1537	vt	AY.58	5.5557	a65	11/29/2025	11	29	2025
1538	vt	AY.59	5.5557	a65	11/29/2025	11	29	2025
1539	vt	AY.61	5.5557	a65	11/29/2025	11	29	2025
1540	vt	AY.67	5.5557	a65	11/29/2025	11	29	2025
1541	vt	AY.71	5.5557	a65	11/29/2025	11	29	2025
1542	vt	AY.75	5.5557	a65	11/29/2025	11	29	2025
1543	vt	AY.75.2	5.5557	a65	11/29/2025	11	29	2025
1544	vt	AY.77	3.0478	a65	11/29/2025	11	29	2025
1545	vt	AY.80	3.0478	a65	11/29/2025	11	29	2025
1546	vt	AY.98	3.0478	a65	11/29/2025	11	29	2025
1547	vt	B.1.617.2	10.3773	a65	11/29/2025	11	29	2025
1548	vt	AY.111	3.0478	a83	12/6/2025	12	6	2025
1549	vt	AY.119	3.0478	a83	12/6/2025	12	6	2025
1550	vt	AY.119.2	3.0478	a83	12/6/2025	12	6	2025
1551	vt	AY.124	3.0478	a83	12/6/2025	12	6	2025
1552	vt	AY.127	3.0478	a83	12/6/2025	12	6	2025
1553	vt	AY.26	5.5557	a83	12/6/2025	12	6	2025
1554	vt	AY.33	3.0478	a83	12/6/2025	12	6	2025
1555	vt	AY.38	5.5557	a83	12/6/2025	12	6	2025
1556	vt	AY.4	3.0478	a83	12/6/2025	12	6	2025
1557	vt	AY.4.3	3.0478	a83	12/6/2025	12	6	2025
1558	vt	AY.44	3.0478	a83	12/6/2025	12	6	2025
1559	vt	AY.45	3.0478	a83	12/6/2025	12	6	2025
1560	vt	AY.58	5.5557	a83	12/6/2025	12	6	2025
1561	vt	AY.59	5.5557	a83	12/6/2025	12	6	2025
1562	vt	AY.61	5.5557	a83	12/6/2025	12	6	2025
1563	vt	AY.67	5.5557	a83	12/6/2025	12	6	2025
1564	vt	AY.71	5.5557	a83	12/6/2025	12	6	2025
1565	vt	AY.75	5.5557	a83	12/6/2025	12	6	2025
1566	vt	AY.75.2	5.5557	a83	12/6/2025	12	6	2025
1567	vt	AY.77	3.0478	a83	12/6/2025	12	6	2025
1568	vt	AY.80	3.0478	a83	12/6/2025	12	6	2025
1569	vt	AY.98	3.0478	a83	12/6/2025	12	6	2025
1570	vt	B.1.617.2	10.3773	a83	12/6/2025	12	6	2025
1571	wa	AY.111	3.0478	a31	11/22/2025	11	22	2025
1572	wa	AY.119	3.0478	a31	11/22/2025	11	22	2025
1573	wa	AY.119.2	3.0478	a31	11/22/2025	11	22	2025
1574	wa	AY.124	3.0478	a31	11/22/2025	11	22	2025
1575	wa	AY.127	3.0478	a31	11/22/2025	11	22	2025
1576	wa	AY.26	5.5557	a31	11/22/2025	11	22	2025
1577	wa	AY.33	3.0478	a31	11/22/2025	11	22	2025
1578	wa	AY.38	5.5557	a31	11/22/2025	11	22	2025
1579	wa	AY.4	3.0478	a31	11/22/2025	11	22	2025
1580	wa	AY.4.3	3.0478	a31	11/22/2025	11	22	2025
1581	wa	AY.44	3.0478	a31	11/22/2025	11	22	2025
1582	wa	AY.45	3.0478	a31	11/22/2025	11	22	2025
1583	wa	AY.58	5.5557	a31	11/22/2025	11	22	2025
1584	wa	AY.59	5.5557	a31	11/22/2025	11	22	2025
1585	wa	AY.61	5.5557	a31	11/22/2025	11	22	2025
1586	wa	AY.67	5.5557	a31	11/22/2025	11	22	2025
1587	wa	AY.71	5.5557	a31	11/22/2025	11	22	2025
1588	wa	AY.75	5.5557	a31	11/22/2025	11	22	2025
1589	wa	AY.75.2	5.5557	a31	11/22/2025	11	22	2025
1590	wa	AY.77	3.0478	a31	11/22/2025	11	22	2025
1591	wa	AY.80	3.0478	a31	11/22/2025	11	22	2025
1592	wa	AY.98	3.0478	a31	11/22/2025	11	22	2025
1593	wa	B.1.617.2	10.3773	a31	11/22/2025	11	22	2025
1594	wa	AY.111	3.0478	a84	12/6/2025	12	6	2025
1595	wa	AY.119	3.0478	a84	12/6/2025	12	6	2025
1596	wa	AY.119.2	3.0478	a84	12/6/2025	12	6	2025
1597	wa	AY.124	3.0478	a84	12/6/2025	12	6	2025
1598	wa	AY.127	3.0478	a84	12/6/2025	12	6	2025
1599	wa	AY.26	5.5557	a84	12/6/2025	12	6	2025
1600	wa	AY.33	3.0478	a84	12/6/2025	12	6	2025
1601	wa	AY.38	5.5557	a84	12/6/2025	12	6	2025
1602	wa	AY.4	3.0478	a84	12/6/2025	12	6	2025
1603	wa	AY.4.3	3.0478	a84	12/6/2025	12	6	2025
1604	wa	AY.44	3.0478	a84	12/6/2025	12	6	2025
1605	wa	AY.45	3.0478	a84	12/6/2025	12	6	2025
1606	wa	AY.58	5.5557	a84	12/6/2025	12	6	2025
1607	wa	AY.59	5.5557	a84	12/6/2025	12	6	2025
1608	wa	AY.61	5.5557	a84	12/6/2025	12	6	2025
1609	wa	AY.67	5.5557	a84	12/6/2025	12	6	2025
1610	wa	AY.71	5.5557	a84	12/6/2025	12	6	2025
1611	wa	AY.75	5.5557	a84	12/6/2025	12	6	2025
1612	wa	AY.75.2	5.5557	a84	12/6/2025	12	6	2025
1613	wa	AY.77	3.0478	a84	12/6/2025	12	6	2025
1614	wa	AY.80	3.0478	a84	12/6/2025	12	6	2025
1615	wa	AY.98	3.0478	a84	12/6/2025	12	6	2025
1616	wa	B.1.617.2	10.3773	a84	12/6/2025	12	6	2025
1617	wi	AY.102	3.2691	a3	11/15/2025	11	15	2025
1618	wi	AY.103	25.926	a3	11/15/2025	11	15	2025
1619	wi	AY.106	3.2691	a3	11/15/2025	11	15	2025
1620	wi	AY.111	0.1586	a4	11/15/2025	11	15	2025
1621	wi	AY.112	3.2691	a3	11/15/2025	11	15	2025
1622	wi	AY.119	53.0116	a3,a4	11/15/2025	11	15	2025
1623	wi	AY.39	3.2691	a3	11/15/2025	11	15	2025
1624	wi	AY.44	3.2691	a3	11/15/2025	11	15	2025
1625	wi	AY.45	3.2691	a3	11/15/2025	11	15	2025
1626	wi	AY.46	0.4806	a3	11/15/2025	11	15	2025
1627	wi	AY.46.2	0.4806	a3	11/15/2025	11	15	2025
1628	wi	AY.46.3	0.2293	a3	11/15/2025	11	15	2025
1629	wi	AY.98	0.0987	a4	11/15/2025	11	15	2025
1630	wi	AY.111	3.0478	a32,a33	11/22/2025	11	22	2025
1631	wi	AY.119	3.0478	a32,a33	11/22/2025	11	22	2025
1632	wi	AY.119.2	3.0478	a32,a33	11/22/2025	11	22	2025
1633	wi	AY.124	3.0478	a32,a33	11/22/2025	11	22	2025
1634	wi	AY.127	3.0478	a32,a33	11/22/2025	11	22	2025
1635	wi	AY.26	5.5557	a32,a33	11/22/2025	11	22	2025
1636	wi	AY.33	3.0478	a32,a33	11/22/2025	11	22	2025
1637	wi	AY.38	5.5557	a32,a33	11/22/2025	11	22	2025
1638	wi	AY.4	3.0478	a32,a33	11/22/2025	11	22	2025
1639	wi	AY.4.3	3.0478	a32,a33	11/22/2025	11	22	2025
1640	wi	AY.44	3.0478	a32,a33	11/22/2025	11	22	2025
1641	wi	AY.45	3.0478	a32,a33	11/22/2025	11	22	2025
1642	wi	AY.58	5.5557	a32,a33	11/22/2025	11	22	2025
1643	wi	AY.59	5.5557	a32,a33	11/22/2025	11	22	2025
1644	wi	AY.61	5.5557	a32,a33	11/22/2025	11	22	2025
1645	wi	AY.67	5.5557	a32,a33	11/22/2025	11	22	2025
1646	wi	AY.71	5.5557	a32,a33	11/22/2025	11	22	2025
1647	wi	AY.75	5.5557	a32,a33	11/22/2025	11	22	2025
1648	wi	AY.75.2	5.5557	a32,a33	11/22/2025	11	22	2025
1649	wi	AY.77	3.0478	a32,a33	11/22/2025	11	22	2025
1650	wi	AY.80	3.0478	a32,a33	11/22/2025	11	22	2025
1651	wi	AY.98	3.0478	a32,a33	11/22/2025	11	22	2025
1652	wi	B.1.617.2	10.3773	a32,a33	11/22/2025	11	22	2025
1653	wi	AY.111	3.0478	a66	11/29/2025	11	29	2025
1654	wi	AY.119	3.0478	a66	11/29/2025	11	29	2025
1655	wi	AY.119.2	3.0478	a66	11/29/2025	11	29	2025
1656	wi	AY.124	3.0478	a66	11/29/2025	11	29	2025
1657	wi	AY.127	3.0478	a66	11/29/2025	11	29	2025
1658	wi	AY.26	5.5557	a66	11/29/2025	11	29	2025
1659	wi	AY.33	3.0478	a66	11/29/2025	11	29	2025
1660	wi	AY.38	5.5557	a66	11/29/2025	11	29	2025
1661	wi	AY.4	3.0478	a66	11/29/2025	11	29	2025
1662	wi	AY.4.3	3.0478	a66	11/29/2025	11	29	2025
1663	wi	AY.44	3.0478	a66	11/29/2025	11	29	2025
1664	wi	AY.45	3.0478	a66	11/29/2025	11	29	2025
1665	wi	AY.58	5.5557	a66	11/29/2025	11	29	2025
1666	wi	AY.59	5.5557	a66	11/29/2025	11	29	2025
1667	wi	AY.61	5.5557	a66	11/29/2025	11	29	2025
1668	wi	AY.67	5.5557	a66	11/29/2025	11	29	2025
1669	wi	AY.71	5.5557	a66	11/29/2025	11	29	2025
1670	wi	AY.75	5.5557	a66	11/29/2025	11	29	2025
1671	wi	AY.75.2	5.5557	a66	11/29/2025	11	29	2025
1672	wi	AY.77	3.0478	a66	11/29/2025	11	29	2025
1673	wi	AY.80	3.0478	a66	11/29/2025	11	29	2025
1674	wi	AY.98	3.0478	a66	11/29/2025	11	29	2025
1675	wi	B.1.617.2	10.3773	a66	11/29/2025	11	29	2025
1676	wi	AY.111	3.0478	a85	12/6/2025	12	6	2025
1677	wi	AY.119	3.0478	a85	12/6/2025	12	6	2025
1678	wi	AY.119.2	3.0478	a85	12/6/2025	12	6	2025
1679	wi	AY.124	3.0478	a85	12/6/2025	12	6	2025
1680	wi	AY.127	3.0478	a85	12/6/2025	12	6	2025
1681	wi	AY.26	5.5557	a85	12/6/2025	12	6	2025
1682	wi	AY.33	3.0478	a85	12/6/2025	12	6	2025
1683	wi	AY.38	5.5557	a85	12/6/2025	12	6	2025
1684	wi	AY.4	3.0478	a85	12/6/2025	12	6	2025
1685	wi	AY.4.3	3.0478	a85	12/6/2025	12	6	2025
1686	wi	AY.44	3.0478	a85	12/6/2025	12	6	2025
1687	wi	AY.45	3.0478	a85	12/6/2025	12	6	2025
1688	wi	AY.58	5.5557	a85	12/6/2025	12	6	2025
1689	wi	AY.59	5.5557	a85	12/6/2025	12	6	2025
1690	wi	AY.61	5.5557	a85	12/6/2025	12	6	2025
1691	wi	AY.67	5.5557	a85	12/6/2025	12	6	2025
1692	wi	AY.71	5.5557	a85	12/6/2025	12	6	2025
1693	wi	AY.75	5.5557	a85	12/6/2025	12	6	2025
1694	wi	AY.75.2	5.5557	a85	12/6/2025	12	6	2025
1695	wi	AY.77	3.0478	a85	12/6/2025	12	6	2025
1696	wi	AY.80	3.0478	a85	12/6/2025	12	6	2025
1697	wi	AY.98	3.0478	a85	12/6/2025	12	6	2025
1698	wi	B.1.617.2	10.3773	a85	12/6/2025	12	6	2025
1699	wy	AY.111	3.0478	a34	11/22/2025	11	22	2025
1700	wy	AY.119	3.0478	a34	11/22/2025	11	22	2025
1701	wy	AY.119.2	3.0478	a34	11/22/2025	11	22	2025
1702	wy	AY.124	3.0478	a34	11/22/2025	11	22	2025
1703	wy	AY.127	3.0478	a34	11/22/2025	11	22	2025
1704	wy	AY.26	5.5557	a34	11/22/2025	11	22	2025
1705	wy	AY.33	3.0478	a34	11/22/2025	11	22	2025
1706	wy	AY.38	5.5557	a34	11/22/2025	11	22	2025
1707	wy	AY.4	3.0478	a34	11/22/2025	11	22	2025
1708	wy	AY.4.3	3.0478	a34	11/22/2025	11	22	2025
1709	wy	AY.44	3.0478	a34	11/22/2025	11	22	2025
1710	wy	AY.45	3.0478	a34	11/22/2025	11	22	2025
1711	wy	AY.58	5.5557	a34	11/22/2025	11	22	2025
1712	wy	AY.59	5.5557	a34	11/22/2025	11	22	2025
1713	wy	AY.61	5.5557	a34	11/22/2025	11	22	2025
1714	wy	AY.67	5.5557	a34	11/22/2025	11	22	2025
1715	wy	AY.71	5.5557	a34	11/22/2025	11	22	2025
1716	wy	AY.75	5.5557	a34	11/22/2025	11	22	2025
1717	wy	AY.75.2	5.5557	a34	11/22/2025	11	22	2025
1718	wy	AY.77	3.0478	a34	11/22/2025	11	22	2025
1719	wy	AY.80	3.0478	a34	11/22/2025	11	22	2025
1720	wy	AY.98	3.0478	a34	11/22/2025	11	22	2025
1721	wy	B.1.617.2	10.3773	a34	11/22/2025	11	22	2025
1722	wy	AY.111	3.0478	a67	11/29/2025	11	29	2025
1723	wy	AY.119	3.0478	a67	11/29/2025	11	29	2025
1724	wy	AY.119.2	3.0478	a67	11/29/2025	11	29	2025
1725	wy	AY.124	3.0478	a67	11/29/2025	11	29	2025
1726	wy	AY.127	3.0478	a67	11/29/2025	11	29	2025
1727	wy	AY.26	5.5557	a67	11/29/2025	11	29	2025
1728	wy	AY.33	3.0478	a67	11/29/2025	11	29	2025
1729	wy	AY.38	5.5557	a67	11/29/2025	11	29	2025
1730	wy	AY.4	3.0478	a67	11/29/2025	11	29	2025
1731	wy	AY.4.3	3.0478	a67	11/29/2025	11	29	2025
1732	wy	AY.44	3.0478	a67	11/29/2025	11	29	2025
1733	wy	AY.45	3.0478	a67	11/29/2025	11	29	2025
1734	wy	AY.58	5.5557	a67	11/29/2025	11	29	2025
1735	wy	AY.59	5.5557	a67	11/29/2025	11	29	2025
1736	wy	AY.61	5.5557	a67	11/29/2025	11	29	2025
1737	wy	AY.67	5.5557	a67	11/29/2025	11	29	2025
1738	wy	AY.71	5.5557	a67	11/29/2025	11	29	2025
1739	wy	AY.75	5.5557	a67	11/29/2025	11	29	2025
1740	wy	AY.75.2	5.5557	a67	11/29/2025	11	29	2025
1741	wy	AY.77	3.0478	a67	11/29/2025	11	29	2025
1742	wy	AY.80	3.0478	a67	11/29/2025	11	29	2025
1743	wy	AY.98	3.0478	a67	11/29/2025	11	29	2025
1744	wy	B.1.617.2	10.3773	a67	11/29/2025	11	29	2025
